county,state,cnty_fips,reeds_ba
Autauga,Alabama,1001,AL_1
Baldwin,Alabama,1003,AL_1
Barbour,Alabama,1005,AL_1
Bibb,Alabama,1007,AL_0
Blount,Alabama,1009,AL_1
Bullock,Alabama,1011,AL_1
Butler,Alabama,1013,AL_1
Calhoun,Alabama,1015,AL_1
Chambers,Alabama,1017,AL_1
Cherokee,Alabama,1019,AL_1
Chilton,Alabama,1021,AL_1
Choctaw,Alabama,1023,AL_0
Clarke,Alabama,1025,AL_1
Clay,Alabama,1027,AL_1
Cleburne,Alabama,1029,AL_1
Coffee,Alabama,1031,AL_1
Colbert,Alabama,1033,AL_0
Conecuh,Alabama,1035,AL_1
Coosa,Alabama,1037,AL_1
Covington,Alabama,1039,AL_1
Crenshaw,Alabama,1041,AL_1
Cullman,Alabama,1043,AL_0
Dale,Alabama,1045,AL_1
Dallas,Alabama,1047,AL_1
DeKalb,Alabama,1049,AL_0
Elmore,Alabama,1051,AL_1
Escambia,Alabama,1053,AL_1
Etowah,Alabama,1055,AL_1
Fayette,Alabama,1057,AL_0
Franklin,Alabama,1059,AL_0
Geneva,Alabama,1061,AL_1
Greene,Alabama,1063,AL_0
Hale,Alabama,1065,AL_0
Henry,Alabama,1067,AL_1
Houston,Alabama,1069,AL_1
Jackson,Alabama,1071,AL_0
Jefferson,Alabama,1073,AL_0
Lamar,Alabama,1075,AL_0
Lauderdale,Alabama,1077,AL_0
Lawrence,Alabama,1079,AL_0
Lee,Alabama,1081,AL_1
Limestone,Alabama,1083,AL_0
Lowndes,Alabama,1085,AL_1
Macon,Alabama,1087,AL_1
Madison,Alabama,1089,AL_0
Marengo,Alabama,1091,AL_0
Marion,Alabama,1093,AL_0
Marshall,Alabama,1095,AL_0
Mobile,Alabama,1097,AL_1
Monroe,Alabama,1099,AL_1
Montgomery,Alabama,1101,AL_1
Morgan,Alabama,1103,AL_0
Perry,Alabama,1105,AL_0
Pickens,Alabama,1107,AL_0
Pike,Alabama,1109,AL_1
Randolph,Alabama,1111,AL_1
Russell,Alabama,1113,AL_1
Shelby,Alabama,1117,AL_0
St. Clair,Alabama,1115,AL_1
Sumter,Alabama,1119,AL_0
Talladega,Alabama,1121,AL_1
Tallapoosa,Alabama,1123,AL_1
Tuscaloosa,Alabama,1125,AL_0
Walker,Alabama,1127,AL_0
Washington,Alabama,1129,AL_1
Wilcox,Alabama,1131,AL_0
Winston,Alabama,1133,AL_0
Apache,Arizona,4001,AZ_0
Cochise,Arizona,4003,AZ_1
Coconino,Arizona,4005,AZ_0
Gila,Arizona,4007,AZ_1
Graham,Arizona,4009,AZ_1
Greenlee,Arizona,4011,AZ_1
La Paz,Arizona,4012,AZ_1
Maricopa,Arizona,4013,AZ_1
Mohave,Arizona,4015,AZ_0
Navajo,Arizona,4017,AZ_0
Pima,Arizona,4019,AZ_1
Pinal,Arizona,4021,AZ_1
Santa Cruz,Arizona,4023,AZ_1
Yavapai,Arizona,4025,AZ_0
Yuma,Arizona,4027,AZ_1
Arkansas,Arkansas,5001,AR_1
Ashley,Arkansas,5003,AR_1
Baxter,Arkansas,5005,AR_1
Benton,Arkansas,5007,AR_0
Boone,Arkansas,5009,AR_0
Bradley,Arkansas,5011,AR_1
Calhoun,Arkansas,5013,AR_1
Carroll,Arkansas,5015,AR_0
Chicot,Arkansas,5017,AR_1
Clark,Arkansas,5019,AR_1
Clay,Arkansas,5021,AR_1
Cleburne,Arkansas,5023,AR_0
Cleveland,Arkansas,5025,AR_1
Columbia,Arkansas,5027,AR_1
Conway,Arkansas,5029,AR_1
Craighead,Arkansas,5031,AR_1
Crawford,Arkansas,5033,AR_0
Crittenden,Arkansas,5035,AR_1
Cross,Arkansas,5037,AR_1
Dallas,Arkansas,5039,AR_1
Desha,Arkansas,5041,AR_1
Drew,Arkansas,5043,AR_1
Faulkner,Arkansas,5045,AR_1
Franklin,Arkansas,5047,AR_0
Fulton,Arkansas,5049,AR_1
Garland,Arkansas,5051,AR_1
Grant,Arkansas,5053,AR_1
Greene,Arkansas,5055,AR_1
Hempstead,Arkansas,5057,AR_0
Hot Spring,Arkansas,5059,AR_1
Howard,Arkansas,5061,AR_0
Independence,Arkansas,5063,AR_1
Izard,Arkansas,5065,AR_1
Jackson,Arkansas,5067,AR_1
Jefferson,Arkansas,5069,AR_1
Johnson,Arkansas,5071,AR_0
Lafayette,Arkansas,5073,AR_1
Lawrence,Arkansas,5075,AR_1
Lee,Arkansas,5077,AR_1
Lincoln,Arkansas,5079,AR_1
Little River,Arkansas,5081,AR_1
Logan,Arkansas,5083,AR_0
Lonoke,Arkansas,5085,AR_1
Madison,Arkansas,5087,AR_0
Marion,Arkansas,5089,AR_0
Miller,Arkansas,5091,AR_1
Mississippi,Arkansas,5093,AR_1
Monroe,Arkansas,5095,AR_1
Montgomery,Arkansas,5097,AR_0
Nevada,Arkansas,5099,AR_1
Newton,Arkansas,5101,AR_0
Ouachita,Arkansas,5103,AR_1
Perry,Arkansas,5105,AR_1
Phillips,Arkansas,5107,AR_1
Pike,Arkansas,5109,AR_0
Poinsett,Arkansas,5111,AR_1
Polk,Arkansas,5113,AR_0
Pope,Arkansas,5115,AR_1
Prairie,Arkansas,5117,AR_1
Pulaski,Arkansas,5119,AR_1
Randolph,Arkansas,5121,AR_1
Saline,Arkansas,5125,AR_1
Scott,Arkansas,5127,AR_0
Searcy,Arkansas,5129,AR_0
Sebastian,Arkansas,5131,AR_0
Sevier,Arkansas,5133,AR_1
Sharp,Arkansas,5135,AR_1
St. Francis,Arkansas,5123,AR_1
Stone,Arkansas,5137,AR_1
Union,Arkansas,5139,AR_1
Van Buren,Arkansas,5141,AR_0
Washington,Arkansas,5143,AR_0
White,Arkansas,5145,AR_1
Woodruff,Arkansas,5147,AR_1
Yell,Arkansas,5149,AR_1
Alameda,California,6001,CA_1
Alpine,California,6003,CA_1
Amador,California,6005,CA_1
Butte,California,6007,CA_1
Calaveras,California,6009,CA_1
Colusa,California,6011,CA_1
Contra Costa,California,6013,CA_1
Del Norte,California,6015,CA_1
El Dorado,California,6017,CA_1
Fresno,California,6019,CA_2
Glenn,California,6021,CA_1
Humboldt,California,6023,CA_1
Imperial,California,6025,CA_4
Inyo,California,6027,CA_2
Kern,California,6029,CA_2
Kings,California,6031,CA_2
Lake,California,6033,CA_1
Lassen,California,6035,CA_1
Los Angeles,California,6037,CA_0
Madera,California,6039,CA_2
Marin,California,6041,CA_1
Mariposa,California,6043,CA_1
Mendocino,California,6045,CA_1
Merced,California,6047,CA_1
Modoc,California,6049,CA_1
Mono,California,6051,CA_2
Monterey,California,6053,CA_2
Napa,California,6055,CA_1
Nevada,California,6057,CA_1
Orange,California,6059,CA_0
Placer,California,6061,CA_1
Plumas,California,6063,CA_1
Riverside,California,6065,CA_3
Sacramento,California,6067,CA_1
San Benito,California,6069,CA_2
San Bernardino,California,6071,CA_3
San Diego,California,6073,CA_4
San Francisco,California,6075,CA_1
San Joaquin,California,6077,CA_1
San Luis Obispo,California,6079,CA_2
San Mateo,California,6081,CA_1
Santa Barbara,California,6083,CA_2
Santa Clara,California,6085,CA_1
Santa Cruz,California,6087,CA_1
Shasta,California,6089,CA_1
Sierra,California,6091,CA_1
Siskiyou,California,6093,CA_1
Solano,California,6095,CA_1
Sonoma,California,6097,CA_1
Stanislaus,California,6099,CA_1
Sutter,California,6101,CA_1
Tehama,California,6103,CA_1
Trinity,California,6105,CA_1
Tulare,California,6107,CA_2
Tuolumne,California,6109,CA_1
Ventura,California,6111,CA_0
Yolo,California,6113,CA_1
Yuba,California,6115,CA_1
Adams,Colorado,8001,CO_1
Alamosa,Colorado,8003,CO_0
Arapahoe,Colorado,8005,CO_1
Archuleta,Colorado,8007,CO_0
Baca,Colorado,8009,CO_1
Bent,Colorado,8011,CO_1
Boulder,Colorado,8013,CO_1
Broomfield,Colorado,8014,CO_1
Chaffee,Colorado,8015,CO_1
Cheyenne,Colorado,8017,CO_1
Clear Creek,Colorado,8019,CO_1
Conejos,Colorado,8021,CO_0
Costilla,Colorado,8023,CO_0
Crowley,Colorado,8025,CO_1
Custer,Colorado,8027,CO_1
Delta,Colorado,8029,CO_0
Denver,Colorado,8031,CO_1
Dolores,Colorado,8033,CO_0
Douglas,Colorado,8035,CO_1
Eagle,Colorado,8037,CO_0
El Paso,Colorado,8041,CO_1
Elbert,Colorado,8039,CO_1
Fremont,Colorado,8043,CO_1
Garfield,Colorado,8045,CO_0
Gilpin,Colorado,8047,CO_1
Grand,Colorado,8049,CO_0
Gunnison,Colorado,8051,CO_0
Hinsdale,Colorado,8053,CO_0
Huerfano,Colorado,8055,CO_1
Jackson,Colorado,8057,CO_1
Jefferson,Colorado,8059,CO_1
Kiowa,Colorado,8061,CO_1
Kit Carson,Colorado,8063,CO_1
La Plata,Colorado,8067,CO_0
Lake,Colorado,8065,CO_1
Larimer,Colorado,8069,CO_1
Las Animas,Colorado,8071,CO_1
Lincoln,Colorado,8073,CO_1
Logan,Colorado,8075,CO_1
Mesa,Colorado,8077,CO_0
Mineral,Colorado,8079,CO_0
Moffat,Colorado,8081,CO_0
Montezuma,Colorado,8083,CO_0
Montrose,Colorado,8085,CO_0
Morgan,Colorado,8087,CO_1
Otero,Colorado,8089,CO_1
Ouray,Colorado,8091,CO_0
Park,Colorado,8093,CO_1
Phillips,Colorado,8095,CO_1
Pitkin,Colorado,8097,CO_0
Prowers,Colorado,8099,CO_1
Pueblo,Colorado,8101,CO_1
Rio Blanco,Colorado,8103,CO_0
Rio Grande,Colorado,8105,CO_0
Routt,Colorado,8107,CO_0
Saguache,Colorado,8109,CO_0
San Juan,Colorado,8111,CO_0
San Miguel,Colorado,8113,CO_0
Sedgwick,Colorado,8115,CO_1
Summit,Colorado,8117,CO_0
Teller,Colorado,8119,CO_1
Washington,Colorado,8121,CO_1
Weld,Colorado,8123,CO_1
Yuma,Colorado,8125,CO_1
Fairfield,Connecticut,9001,CT_0
Hartford,Connecticut,9003,CT_0
Litchfield,Connecticut,9005,CT_0
Middlesex,Connecticut,9007,CT_0
New Haven,Connecticut,9009,CT_0
New London,Connecticut,9011,CT_0
Tolland,Connecticut,9013,CT_0
Windham,Connecticut,9015,CT_0
Kent,Delaware,10001,DE_0
New Castle,Delaware,10003,DE_0
Sussex,Delaware,10005,DE_0
District of Columbia,District of Columbia,11001,MD_0
Alachua,Florida,12001,FL_0
Baker,Florida,12003,FL_0
Bay,Florida,12005,FL_0
Bradford,Florida,12007,FL_0
Brevard,Florida,12009,FL_2
Broward,Florida,12011,FL_2
Calhoun,Florida,12013,FL_0
Charlotte,Florida,12015,FL_1
Citrus,Florida,12017,FL_1
Clay,Florida,12019,FL_0
Collier,Florida,12021,FL_1
Columbia,Florida,12023,FL_0
DeSoto,Florida,12027,FL_1
Dixie,Florida,12029,FL_0
Duval,Florida,12031,FL_0
Escambia,Florida,12033,FL_0
Flagler,Florida,12035,FL_0
Franklin,Florida,12037,FL_0
Gadsden,Florida,12039,FL_0
Gilchrist,Florida,12041,FL_0
Glades,Florida,12043,FL_1
Gulf,Florida,12045,FL_0
Hamilton,Florida,12047,FL_0
Hardee,Florida,12049,FL_1
Hendry,Florida,12051,FL_1
Hernando,Florida,12053,FL_1
Highlands,Florida,12055,FL_1
Hillsborough,Florida,12057,FL_1
Holmes,Florida,12059,FL_0
Indian River,Florida,12061,FL_2
Jackson,Florida,12063,FL_0
Jefferson,Florida,12065,FL_0
Lafayette,Florida,12067,FL_0
Lake,Florida,12069,FL_1
Lee,Florida,12071,FL_1
Leon,Florida,12073,FL_0
Levy,Florida,12075,FL_0
Liberty,Florida,12077,FL_0
Madison,Florida,12079,FL_0
Manatee,Florida,12081,FL_1
Marion,Florida,12083,FL_0
Martin,Florida,12085,FL_2
Miami-Dade,Florida,12086,FL_2
Monroe,Florida,12087,FL_1
Nassau,Florida,12089,FL_0
Okaloosa,Florida,12091,FL_0
Okeechobee,Florida,12093,FL_1
Orange,Florida,12095,FL_1
Osceola,Florida,12097,FL_1
Palm Beach,Florida,12099,FL_2
Pasco,Florida,12101,FL_1
Pinellas,Florida,12103,FL_1
Polk,Florida,12105,FL_1
Putnam,Florida,12107,FL_0
Santa Rosa,Florida,12113,FL_0
Sarasota,Florida,12115,FL_1
Seminole,Florida,12117,FL_1
St. Johns,Florida,12109,FL_0
St. Lucie,Florida,12111,FL_2
Sumter,Florida,12119,FL_1
Suwannee,Florida,12121,FL_0
Taylor,Florida,12123,FL_0
Union,Florida,12125,FL_0
Volusia,Florida,12127,FL_0
Wakulla,Florida,12129,FL_0
Walton,Florida,12131,FL_0
Washington,Florida,12133,FL_0
Appling,Georgia,13001,GA_1
Atkinson,Georgia,13003,GA_1
Bacon,Georgia,13005,GA_1
Baker,Georgia,13007,GA_1
Baldwin,Georgia,13009,GA_0
Banks,Georgia,13011,GA_0
Barrow,Georgia,13013,GA_0
Bartow,Georgia,13015,GA_0
Ben Hill,Georgia,13017,GA_1
Berrien,Georgia,13019,GA_1
Bibb,Georgia,13021,GA_0
Bleckley,Georgia,13023,GA_1
Brantley,Georgia,13025,GA_1
Brooks,Georgia,13027,GA_1
Bryan,Georgia,13029,GA_1
Bulloch,Georgia,13031,GA_1
Burke,Georgia,13033,GA_1
Butts,Georgia,13035,GA_0
Calhoun,Georgia,13037,GA_1
Camden,Georgia,13039,GA_1
Candler,Georgia,13043,GA_1
Carroll,Georgia,13045,GA_0
Catoosa,Georgia,13047,GA_0
Charlton,Georgia,13049,GA_1
Chatham,Georgia,13051,GA_1
Chattahoochee,Georgia,13053,GA_0
Chattooga,Georgia,13055,GA_0
Cherokee,Georgia,13057,GA_0
Clarke,Georgia,13059,GA_0
Clay,Georgia,13061,GA_1
Clayton,Georgia,13063,GA_0
Clinch,Georgia,13065,GA_1
Cobb,Georgia,13067,GA_0
Coffee,Georgia,13069,GA_1
Colquitt,Georgia,13071,GA_1
Columbia,Georgia,13073,GA_0
Cook,Georgia,13075,GA_1
Coweta,Georgia,13077,GA_0
Crawford,Georgia,13079,GA_0
Crisp,Georgia,13081,GA_1
Dade,Georgia,13083,GA_0
Dawson,Georgia,13085,GA_0
Decatur,Georgia,13087,GA_1
DeKalb,Georgia,13089,GA_0
Dodge,Georgia,13091,GA_1
Dooly,Georgia,13093,GA_1
Dougherty,Georgia,13095,GA_1
Douglas,Georgia,13097,GA_0
Early,Georgia,13099,GA_1
Echols,Georgia,13101,GA_1
Effingham,Georgia,13103,GA_1
Elbert,Georgia,13105,GA_0
Emanuel,Georgia,13107,GA_1
Evans,Georgia,13109,GA_1
Fannin,Georgia,13111,GA_0
Fayette,Georgia,13113,GA_0
Floyd,Georgia,13115,GA_0
Forsyth,Georgia,13117,GA_0
Franklin,Georgia,13119,GA_0
Fulton,Georgia,13121,GA_0
Gilmer,Georgia,13123,GA_0
Glascock,Georgia,13125,GA_0
Glynn,Georgia,13127,GA_1
Gordon,Georgia,13129,GA_0
Grady,Georgia,13131,GA_1
Greene,Georgia,13133,GA_0
Gwinnett,Georgia,13135,GA_0
Habersham,Georgia,13137,GA_0
Hall,Georgia,13139,GA_0
Hancock,Georgia,13141,GA_0
Haralson,Georgia,13143,GA_0
Harris,Georgia,13145,GA_0
Hart,Georgia,13147,GA_0
Heard,Georgia,13149,GA_0
Henry,Georgia,13151,GA_0
Houston,Georgia,13153,GA_0
Irwin,Georgia,13155,GA_1
Jackson,Georgia,13157,GA_0
Jasper,Georgia,13159,GA_0
Jeff Davis,Georgia,13161,GA_1
Jefferson,Georgia,13163,GA_1
Jenkins,Georgia,13165,GA_1
Johnson,Georgia,13167,GA_1
Jones,Georgia,13169,GA_0
Lamar,Georgia,13171,GA_0
Lanier,Georgia,13173,GA_1
Laurens,Georgia,13175,GA_1
Lee,Georgia,13177,GA_1
Liberty,Georgia,13179,GA_1
Lincoln,Georgia,13181,GA_0
Long,Georgia,13183,GA_1
Lowndes,Georgia,13185,GA_1
Lumpkin,Georgia,13187,GA_0
Macon,Georgia,13193,GA_0
Madison,Georgia,13195,GA_0
Marion,Georgia,13197,GA_0
McDuffie,Georgia,13189,GA_0
McIntosh,Georgia,13191,GA_1
Meriwether,Georgia,13199,GA_0
Miller,Georgia,13201,GA_1
Mitchell,Georgia,13205,GA_1
Monroe,Georgia,13207,GA_0
Montgomery,Georgia,13209,GA_1
Morgan,Georgia,13211,GA_0
Murray,Georgia,13213,GA_0
Muscogee,Georgia,13215,GA_0
Newton,Georgia,13217,GA_0
Oconee,Georgia,13219,GA_0
Oglethorpe,Georgia,13221,GA_0
Paulding,Georgia,13223,GA_0
Peach,Georgia,13225,GA_0
Pickens,Georgia,13227,GA_0
Pierce,Georgia,13229,GA_1
Pike,Georgia,13231,GA_0
Polk,Georgia,13233,GA_0
Pulaski,Georgia,13235,GA_1
Putnam,Georgia,13237,GA_0
Quitman,Georgia,13239,GA_1
Rabun,Georgia,13241,GA_0
Randolph,Georgia,13243,GA_1
Richmond,Georgia,13245,GA_0
Rockdale,Georgia,13247,GA_0
Schley,Georgia,13249,GA_0
Screven,Georgia,13251,GA_1
Seminole,Georgia,13253,GA_1
Spalding,Georgia,13255,GA_0
Stephens,Georgia,13257,GA_0
Stewart,Georgia,13259,GA_1
Sumter,Georgia,13261,GA_1
Talbot,Georgia,13263,GA_0
Taliaferro,Georgia,13265,GA_0
Tattnall,Georgia,13267,GA_1
Taylor,Georgia,13269,GA_0
Telfair,Georgia,13271,GA_1
Terrell,Georgia,13273,GA_1
Thomas,Georgia,13275,GA_1
Tift,Georgia,13277,GA_1
Toombs,Georgia,13279,GA_1
Towns,Georgia,13281,GA_0
Treutlen,Georgia,13283,GA_1
Troup,Georgia,13285,GA_0
Turner,Georgia,13287,GA_1
Twiggs,Georgia,13289,GA_0
Union,Georgia,13291,GA_0
Upson,Georgia,13293,GA_0
Walker,Georgia,13295,GA_0
Walton,Georgia,13297,GA_0
Ware,Georgia,13299,GA_1
Warren,Georgia,13301,GA_0
Washington,Georgia,13303,GA_0
Wayne,Georgia,13305,GA_1
Webster,Georgia,13307,GA_1
Wheeler,Georgia,13309,GA_1
White,Georgia,13311,GA_0
Whitfield,Georgia,13313,GA_0
Wilcox,Georgia,13315,GA_1
Wilkes,Georgia,13317,GA_0
Wilkinson,Georgia,13319,GA_0
Worth,Georgia,13321,GA_1
Ada,Idaho,16001,ID_1
Adams,Idaho,16003,ID_1
Bannock,Idaho,16005,ID_1
Bear Lake,Idaho,16007,ID_1
Benewah,Idaho,16009,ID_0
Bingham,Idaho,16011,ID_1
Blaine,Idaho,16013,ID_1
Boise,Idaho,16015,ID_1
Bonner,Idaho,16017,ID_0
Bonneville,Idaho,16019,ID_1
Boundary,Idaho,16021,ID_0
Butte,Idaho,16023,ID_1
Camas,Idaho,16025,ID_1
Canyon,Idaho,16027,ID_1
Caribou,Idaho,16029,ID_1
Cassia,Idaho,16031,ID_1
Clark,Idaho,16033,ID_1
Clearwater,Idaho,16035,ID_0
Custer,Idaho,16037,ID_1
Elmore,Idaho,16039,ID_1
Franklin,Idaho,16041,ID_1
Fremont,Idaho,16043,ID_1
Gem,Idaho,16045,ID_1
Gooding,Idaho,16047,ID_1
Idaho,Idaho,16049,ID_0
Jefferson,Idaho,16051,ID_1
Jerome,Idaho,16053,ID_1
Kootenai,Idaho,16055,ID_0
Latah,Idaho,16057,ID_0
Lemhi,Idaho,16059,ID_1
Lewis,Idaho,16061,ID_0
Lincoln,Idaho,16063,ID_1
Madison,Idaho,16065,ID_1
Minidoka,Idaho,16067,ID_1
Nez Perce,Idaho,16069,ID_0
Oneida,Idaho,16071,ID_1
Owyhee,Idaho,16073,ID_1
Payette,Idaho,16075,ID_1
Power,Idaho,16077,ID_1
Shoshone,Idaho,16079,ID_0
Teton,Idaho,16081,ID_1
Twin Falls,Idaho,16083,ID_1
Valley,Idaho,16085,ID_1
Washington,Idaho,16087,ID_1
Adams,Illinois,17001,IL_1
Alexander,Illinois,17003,IL_1
Bond,Illinois,17005,IL_1
Boone,Illinois,17007,IL_0
Brown,Illinois,17009,IL_1
Bureau,Illinois,17011,IL_1
Calhoun,Illinois,17013,IL_1
Carroll,Illinois,17015,IL_0
Cass,Illinois,17017,IL_1
Champaign,Illinois,17019,IL_1
Christian,Illinois,17021,IL_1
Clark,Illinois,17023,IL_1
Clay,Illinois,17025,IL_1
Clinton,Illinois,17027,IL_1
Coles,Illinois,17029,IL_1
Cook,Illinois,17031,IL_0
Crawford,Illinois,17033,IL_1
Cumberland,Illinois,17035,IL_1
De Witt,Illinois,17039,IL_1
DeKalb,Illinois,17037,IL_0
Douglas,Illinois,17041,IL_1
DuPage,Illinois,17043,IL_0
Edgar,Illinois,17045,IL_1
Edwards,Illinois,17047,IL_1
Effingham,Illinois,17049,IL_1
Fayette,Illinois,17051,IL_1
Ford,Illinois,17053,IL_1
Franklin,Illinois,17055,IL_1
Fulton,Illinois,17057,IL_1
Gallatin,Illinois,17059,IL_1
Greene,Illinois,17061,IL_1
Grundy,Illinois,17063,IL_0
Hamilton,Illinois,17065,IL_1
Hancock,Illinois,17067,IL_1
Hardin,Illinois,17069,IL_1
Henderson,Illinois,17071,IL_1
Henry,Illinois,17073,IL_1
Iroquois,Illinois,17075,IL_1
Jackson,Illinois,17077,IL_1
Jasper,Illinois,17079,IL_1
Jefferson,Illinois,17081,IL_1
Jersey,Illinois,17083,IL_1
Jo Daviess,Illinois,17085,IL_0
Johnson,Illinois,17087,IL_1
Kane,Illinois,17089,IL_0
Kankakee,Illinois,17091,IL_0
Kendall,Illinois,17093,IL_0
Knox,Illinois,17095,IL_1
La Salle,Illinois,17099,IL_0
Lake,Illinois,17097,IL_0
Lawrence,Illinois,17101,IL_1
Lee,Illinois,17103,IL_0
Livingston,Illinois,17105,IL_0
Logan,Illinois,17107,IL_1
Macon,Illinois,17115,IL_1
Macoupin,Illinois,17117,IL_1
Madison,Illinois,17119,IL_1
Marion,Illinois,17121,IL_1
Marshall,Illinois,17123,IL_1
Mason,Illinois,17125,IL_1
Massac,Illinois,17127,IL_1
McDonough,Illinois,17109,IL_1
McHenry,Illinois,17111,IL_0
McLean,Illinois,17113,IL_1
Menard,Illinois,17129,IL_1
Mercer,Illinois,17131,IL_1
Monroe,Illinois,17133,IL_1
Montgomery,Illinois,17135,IL_1
Morgan,Illinois,17137,IL_1
Moultrie,Illinois,17139,IL_1
Ogle,Illinois,17141,IL_0
Peoria,Illinois,17143,IL_1
Perry,Illinois,17145,IL_1
Piatt,Illinois,17147,IL_1
Pike,Illinois,17149,IL_1
Pope,Illinois,17151,IL_1
Pulaski,Illinois,17153,IL_1
Putnam,Illinois,17155,IL_1
Randolph,Illinois,17157,IL_1
Richland,Illinois,17159,IL_1
Rock Island,Illinois,17161,IL_1
Saline,Illinois,17165,IL_1
Sangamon,Illinois,17167,IL_1
Schuyler,Illinois,17169,IL_1
Scott,Illinois,17171,IL_1
Shelby,Illinois,17173,IL_1
St. Clair,Illinois,17163,IL_1
Stark,Illinois,17175,IL_1
Stephenson,Illinois,17177,IL_0
Tazewell,Illinois,17179,IL_1
Union,Illinois,17181,IL_1
Vermilion,Illinois,17183,IL_1
Wabash,Illinois,17185,IL_1
Warren,Illinois,17187,IL_1
Washington,Illinois,17189,IL_1
Wayne,Illinois,17191,IL_1
White,Illinois,17193,IL_1
Whiteside,Illinois,17195,IL_0
Will,Illinois,17197,IL_0
Williamson,Illinois,17199,IL_1
Winnebago,Illinois,17201,IL_0
Woodford,Illinois,17203,IL_1
Adams,Indiana,18001,IN_1
Allen,Indiana,18003,IN_1
Bartholomew,Indiana,18005,IN_0
Benton,Indiana,18007,IN_0
Blackford,Indiana,18009,IN_1
Boone,Indiana,18011,IN_0
Brown,Indiana,18013,IN_0
Carroll,Indiana,18015,IN_0
Cass,Indiana,18017,IN_0
Clark,Indiana,18019,IN_0
Clay,Indiana,18021,IN_0
Clinton,Indiana,18023,IN_0
Crawford,Indiana,18025,IN_0
Daviess,Indiana,18027,IN_0
Dearborn,Indiana,18029,IN_0
Decatur,Indiana,18031,IN_0
DeKalb,Indiana,18033,IN_1
Delaware,Indiana,18035,IN_1
Dubois,Indiana,18037,IN_0
Elkhart,Indiana,18039,IN_1
Fayette,Indiana,18041,IN_0
Floyd,Indiana,18043,IN_0
Fountain,Indiana,18045,IN_0
Franklin,Indiana,18047,IN_0
Fulton,Indiana,18049,IN_0
Gibson,Indiana,18051,IN_0
Grant,Indiana,18053,IN_1
Greene,Indiana,18055,IN_0
Hamilton,Indiana,18057,IN_0
Hancock,Indiana,18059,IN_0
Harrison,Indiana,18061,IN_0
Hendricks,Indiana,18063,IN_0
Henry,Indiana,18065,IN_1
Howard,Indiana,18067,IN_0
Huntington,Indiana,18069,IN_1
Jackson,Indiana,18071,IN_0
Jasper,Indiana,18073,IN_0
Jay,Indiana,18075,IN_1
Jefferson,Indiana,18077,IN_0
Jennings,Indiana,18079,IN_0
Johnson,Indiana,18081,IN_0
Knox,Indiana,18083,IN_0
Kosciusko,Indiana,18085,IN_0
LaGrange,Indiana,18087,IN_1
Lake,Indiana,18089,IN_0
LaPorte,Indiana,18091,IN_0
Lawrence,Indiana,18093,IN_0
Madison,Indiana,18095,IN_1
Marion,Indiana,18097,IN_0
Marshall,Indiana,18099,IN_0
Martin,Indiana,18101,IN_0
Miami,Indiana,18103,IN_0
Monroe,Indiana,18105,IN_0
Montgomery,Indiana,18107,IN_0
Morgan,Indiana,18109,IN_0
Newton,Indiana,18111,IN_0
Noble,Indiana,18113,IN_1
Ohio,Indiana,18115,IN_0
Orange,Indiana,18117,IN_0
Owen,Indiana,18119,IN_0
Parke,Indiana,18121,IN_0
Perry,Indiana,18123,IN_0
Pike,Indiana,18125,IN_0
Porter,Indiana,18127,IN_0
Posey,Indiana,18129,IN_0
Pulaski,Indiana,18131,IN_0
Putnam,Indiana,18133,IN_0
Randolph,Indiana,18135,IN_1
Ripley,Indiana,18137,IN_0
Rush,Indiana,18139,IN_0
Scott,Indiana,18143,IN_0
Shelby,Indiana,18145,IN_0
Spencer,Indiana,18147,IN_0
St. Joseph,Indiana,18141,IN_1
Starke,Indiana,18149,IN_0
Steuben,Indiana,18151,IN_1
Sullivan,Indiana,18153,IN_0
Switzerland,Indiana,18155,IN_0
Tippecanoe,Indiana,18157,IN_0
Tipton,Indiana,18159,IN_0
Union,Indiana,18161,IN_0
Vanderburgh,Indiana,18163,IN_0
Vermillion,Indiana,18165,IN_0
Vigo,Indiana,18167,IN_0
Wabash,Indiana,18169,IN_1
Warren,Indiana,18171,IN_0
Warrick,Indiana,18173,IN_0
Washington,Indiana,18175,IN_0
Wayne,Indiana,18177,IN_0
Wells,Indiana,18179,IN_1
White,Indiana,18181,IN_0
Whitley,Indiana,18183,IN_1
Adair,Iowa,19001,IA_0
Adams,Iowa,19003,IA_0
Allamakee,Iowa,19005,IA_1
Appanoose,Iowa,19007,IA_1
Audubon,Iowa,19009,IA_0
Benton,Iowa,19011,IA_1
Black Hawk,Iowa,19013,IA_1
Boone,Iowa,19015,IA_0
Bremer,Iowa,19017,IA_1
Buchanan,Iowa,19019,IA_1
Buena Vista,Iowa,19021,IA_0
Butler,Iowa,19023,IA_1
Calhoun,Iowa,19025,IA_0
Carroll,Iowa,19027,IA_0
Cass,Iowa,19029,IA_0
Cedar,Iowa,19031,IA_1
Cerro Gordo,Iowa,19033,IA_0
Cherokee,Iowa,19035,IA_0
Chickasaw,Iowa,19037,IA_1
Clarke,Iowa,19039,IA_0
Clay,Iowa,19041,IA_0
Clayton,Iowa,19043,IA_1
Clinton,Iowa,19045,IA_1
Crawford,Iowa,19047,IA_0
Dallas,Iowa,19049,IA_0
Davis,Iowa,19051,IA_1
Decatur,Iowa,19053,IA_0
Delaware,Iowa,19055,IA_1
Des Moines,Iowa,19057,IA_1
Dickinson,Iowa,19059,IA_0
Dubuque,Iowa,19061,IA_1
Emmet,Iowa,19063,IA_0
Fayette,Iowa,19065,IA_1
Floyd,Iowa,19067,IA_1
Franklin,Iowa,19069,IA_0
Fremont,Iowa,19071,IA_0
Greene,Iowa,19073,IA_0
Grundy,Iowa,19075,IA_1
Guthrie,Iowa,19077,IA_0
Hamilton,Iowa,19079,IA_0
Hancock,Iowa,19081,IA_0
Hardin,Iowa,19083,IA_0
Harrison,Iowa,19085,IA_0
Henry,Iowa,19087,IA_1
Howard,Iowa,19089,IA_1
Humboldt,Iowa,19091,IA_0
Ida,Iowa,19093,IA_0
Iowa,Iowa,19095,IA_1
Jackson,Iowa,19097,IA_1
Jasper,Iowa,19099,IA_1
Jefferson,Iowa,19101,IA_1
Johnson,Iowa,19103,IA_1
Jones,Iowa,19105,IA_1
Keokuk,Iowa,19107,IA_1
Kossuth,Iowa,19109,IA_0
Lee,Iowa,19111,IA_1
Linn,Iowa,19113,IA_1
Louisa,Iowa,19115,IA_1
Lucas,Iowa,19117,IA_0
Lyon,Iowa,19119,IA_0
Madison,Iowa,19121,IA_0
Mahaska,Iowa,19123,IA_1
Marion,Iowa,19125,IA_1
Marshall,Iowa,19127,IA_1
Mills,Iowa,19129,IA_0
Mitchell,Iowa,19131,IA_1
Monona,Iowa,19133,IA_0
Monroe,Iowa,19135,IA_1
Montgomery,Iowa,19137,IA_0
Muscatine,Iowa,19139,IA_1
O'Brien,Iowa,19141,IA_0
Osceola,Iowa,19143,IA_0
Page,Iowa,19145,IA_0
Palo Alto,Iowa,19147,IA_0
Plymouth,Iowa,19149,IA_0
Pocahontas,Iowa,19151,IA_0
Polk,Iowa,19153,IA_0
Pottawattamie,Iowa,19155,IA_0
Poweshiek,Iowa,19157,IA_1
Ringgold,Iowa,19159,IA_0
Sac,Iowa,19161,IA_0
Scott,Iowa,19163,IA_1
Shelby,Iowa,19165,IA_0
Sioux,Iowa,19167,IA_0
Story,Iowa,19169,IA_0
Tama,Iowa,19171,IA_1
Taylor,Iowa,19173,IA_0
Union,Iowa,19175,IA_0
Van Buren,Iowa,19177,IA_1
Wapello,Iowa,19179,IA_1
Warren,Iowa,19181,IA_0
Washington,Iowa,19183,IA_1
Wayne,Iowa,19185,IA_0
Webster,Iowa,19187,IA_0
Winnebago,Iowa,19189,IA_0
Winneshiek,Iowa,19191,IA_1
Woodbury,Iowa,19193,IA_0
Worth,Iowa,19195,IA_0
Wright,Iowa,19197,IA_0
Allen,Kansas,20001,KS_1
Anderson,Kansas,20003,KS_1
Atchison,Kansas,20005,KS_1
Barber,Kansas,20007,KS_0
Barton,Kansas,20009,KS_0
Bourbon,Kansas,20011,KS_1
Brown,Kansas,20013,KS_1
Butler,Kansas,20015,KS_1
Chase,Kansas,20017,KS_1
Chautauqua,Kansas,20019,KS_1
Cherokee,Kansas,20021,KS_1
Cheyenne,Kansas,20023,KS_0
Clark,Kansas,20025,KS_0
Clay,Kansas,20027,KS_1
Cloud,Kansas,20029,KS_1
Coffey,Kansas,20031,KS_1
Comanche,Kansas,20033,KS_0
Cowley,Kansas,20035,KS_1
Crawford,Kansas,20037,KS_1
Decatur,Kansas,20039,KS_0
Dickinson,Kansas,20041,KS_1
Doniphan,Kansas,20043,KS_1
Douglas,Kansas,20045,KS_1
Edwards,Kansas,20047,KS_0
Elk,Kansas,20049,KS_1
Ellis,Kansas,20051,KS_0
Ellsworth,Kansas,20053,KS_1
Finney,Kansas,20055,KS_0
Ford,Kansas,20057,KS_0
Franklin,Kansas,20059,KS_1
Geary,Kansas,20061,KS_1
Gove,Kansas,20063,KS_0
Graham,Kansas,20065,KS_0
Grant,Kansas,20067,KS_0
Gray,Kansas,20069,KS_0
Greeley,Kansas,20071,KS_0
Greenwood,Kansas,20073,KS_1
Hamilton,Kansas,20075,KS_0
Harper,Kansas,20077,KS_1
Harvey,Kansas,20079,KS_1
Haskell,Kansas,20081,KS_0
Hodgeman,Kansas,20083,KS_0
Jackson,Kansas,20085,KS_1
Jefferson,Kansas,20087,KS_1
Jewell,Kansas,20089,KS_1
Johnson,Kansas,20091,KS_1
Kearny,Kansas,20093,KS_0
Kingman,Kansas,20095,KS_1
Kiowa,Kansas,20097,KS_0
Labette,Kansas,20099,KS_1
Lane,Kansas,20101,KS_0
Leavenworth,Kansas,20103,KS_1
Lincoln,Kansas,20105,KS_1
Linn,Kansas,20107,KS_1
Logan,Kansas,20109,KS_0
Lyon,Kansas,20111,KS_1
Marion,Kansas,20115,KS_1
Marshall,Kansas,20117,KS_1
McPherson,Kansas,20113,KS_1
Meade,Kansas,20119,KS_0
Miami,Kansas,20121,KS_1
Mitchell,Kansas,20123,KS_1
Montgomery,Kansas,20125,KS_1
Morris,Kansas,20127,KS_1
Morton,Kansas,20129,KS_0
Nemaha,Kansas,20131,KS_1
Neosho,Kansas,20133,KS_1
Ness,Kansas,20135,KS_0
Norton,Kansas,20137,KS_0
Osage,Kansas,20139,KS_1
Osborne,Kansas,20141,KS_0
Ottawa,Kansas,20143,KS_1
Pawnee,Kansas,20145,KS_0
Phillips,Kansas,20147,KS_0
Pottawatomie,Kansas,20149,KS_1
Pratt,Kansas,20151,KS_0
Rawlins,Kansas,20153,KS_0
Reno,Kansas,20155,KS_1
Republic,Kansas,20157,KS_1
Rice,Kansas,20159,KS_1
Riley,Kansas,20161,KS_1
Rooks,Kansas,20163,KS_0
Rush,Kansas,20165,KS_0
Russell,Kansas,20167,KS_0
Saline,Kansas,20169,KS_1
Scott,Kansas,20171,KS_0
Sedgwick,Kansas,20173,KS_1
Seward,Kansas,20175,KS_0
Shawnee,Kansas,20177,KS_1
Sheridan,Kansas,20179,KS_0
Sherman,Kansas,20181,KS_0
Smith,Kansas,20183,KS_0
Stafford,Kansas,20185,KS_0
Stanton,Kansas,20187,KS_0
Stevens,Kansas,20189,KS_0
Sumner,Kansas,20191,KS_1
Thomas,Kansas,20193,KS_0
Trego,Kansas,20195,KS_0
Wabaunsee,Kansas,20197,KS_1
Wallace,Kansas,20199,KS_0
Washington,Kansas,20201,KS_1
Wichita,Kansas,20203,KS_0
Wilson,Kansas,20205,KS_1
Woodson,Kansas,20207,KS_1
Wyandotte,Kansas,20209,KS_1
Adair,Kentucky,21001,KY_1
Allen,Kentucky,21003,KY_0
Anderson,Kentucky,21005,KY_1
Ballard,Kentucky,21007,KY_0
Barren,Kentucky,21009,KY_1
Bath,Kentucky,21011,KY_1
Bell,Kentucky,21013,KY_1
Boone,Kentucky,21015,KY_1
Bourbon,Kentucky,21017,KY_1
Boyd,Kentucky,21019,KY_1
Boyle,Kentucky,21021,KY_1
Bracken,Kentucky,21023,KY_1
Breathitt,Kentucky,21025,KY_1
Breckinridge,Kentucky,21027,KY_2
Bullitt,Kentucky,21029,KY_1
Butler,Kentucky,21031,KY_0
Caldwell,Kentucky,21033,KY_2
Calloway,Kentucky,21035,KY_0
Campbell,Kentucky,21037,KY_1
Carlisle,Kentucky,21039,KY_0
Carroll,Kentucky,21041,KY_1
Carter,Kentucky,21043,KY_1
Casey,Kentucky,21045,KY_1
Christian,Kentucky,21047,KY_0
Clark,Kentucky,21049,KY_1
Clay,Kentucky,21051,KY_1
Clinton,Kentucky,21053,KY_1
Crittenden,Kentucky,21055,KY_2
Cumberland,Kentucky,21057,KY_0
Daviess,Kentucky,21059,KY_2
Edmonson,Kentucky,21061,KY_0
Elliott,Kentucky,21063,KY_1
Estill,Kentucky,21065,KY_1
Fayette,Kentucky,21067,KY_1
Fleming,Kentucky,21069,KY_1
Floyd,Kentucky,21071,KY_1
Franklin,Kentucky,21073,KY_1
Fulton,Kentucky,21075,KY_0
Gallatin,Kentucky,21077,KY_1
Garrard,Kentucky,21079,KY_1
Grant,Kentucky,21081,KY_1
Graves,Kentucky,21083,KY_0
Grayson,Kentucky,21085,KY_2
Green,Kentucky,21087,KY_1
Greenup,Kentucky,21089,KY_1
Hancock,Kentucky,21091,KY_2
Hardin,Kentucky,21093,KY_1
Harlan,Kentucky,21095,KY_1
Harrison,Kentucky,21097,KY_1
Hart,Kentucky,21099,KY_1
Henderson,Kentucky,21101,KY_2
Henry,Kentucky,21103,KY_1
Hickman,Kentucky,21105,KY_0
Hopkins,Kentucky,21107,KY_2
Jackson,Kentucky,21109,KY_1
Jefferson,Kentucky,21111,KY_1
Jessamine,Kentucky,21113,KY_1
Johnson,Kentucky,21115,KY_1
Kenton,Kentucky,21117,KY_1
Knott,Kentucky,21119,KY_1
Knox,Kentucky,21121,KY_1
Larue,Kentucky,21123,KY_1
Laurel,Kentucky,21125,KY_1
Lawrence,Kentucky,21127,KY_1
Lee,Kentucky,21129,KY_1
Leslie,Kentucky,21131,KY_1
Letcher,Kentucky,21133,KY_1
Lewis,Kentucky,21135,KY_1
Lincoln,Kentucky,21137,KY_1
Livingston,Kentucky,21139,KY_2
Logan,Kentucky,21141,KY_0
Lyon,Kentucky,21143,KY_0
Madison,Kentucky,21151,KY_1
Magoffin,Kentucky,21153,KY_1
Marion,Kentucky,21155,KY_1
Marshall,Kentucky,21157,KY_0
Martin,Kentucky,21159,KY_1
Mason,Kentucky,21161,KY_1
McCracken,Kentucky,21145,KY_0
McCreary,Kentucky,21147,KY_1
McLean,Kentucky,21149,KY_2
Meade,Kentucky,21163,KY_2
Menifee,Kentucky,21165,KY_1
Mercer,Kentucky,21167,KY_1
Metcalfe,Kentucky,21169,KY_1
Monroe,Kentucky,21171,KY_0
Montgomery,Kentucky,21173,KY_1
Morgan,Kentucky,21175,KY_1
Muhlenberg,Kentucky,21177,KY_0
Nelson,Kentucky,21179,KY_1
Nicholas,Kentucky,21181,KY_1
Ohio,Kentucky,21183,KY_2
Oldham,Kentucky,21185,KY_1
Owen,Kentucky,21187,KY_1
Owsley,Kentucky,21189,KY_1
Pendleton,Kentucky,21191,KY_1
Perry,Kentucky,21193,KY_1
Pike,Kentucky,21195,KY_1
Powell,Kentucky,21197,KY_1
Pulaski,Kentucky,21199,KY_1
Robertson,Kentucky,21201,KY_1
Rockcastle,Kentucky,21203,KY_1
Rowan,Kentucky,21205,KY_1
Russell,Kentucky,21207,KY_0
Scott,Kentucky,21209,KY_1
Shelby,Kentucky,21211,KY_1
Simpson,Kentucky,21213,KY_0
Spencer,Kentucky,21215,KY_1
Taylor,Kentucky,21217,KY_1
Todd,Kentucky,21219,KY_0
Trigg,Kentucky,21221,KY_0
Trimble,Kentucky,21223,KY_1
Union,Kentucky,21225,KY_2
Warren,Kentucky,21227,KY_0
Washington,Kentucky,21229,KY_1
Wayne,Kentucky,21231,KY_1
Webster,Kentucky,21233,KY_2
Whitley,Kentucky,21235,KY_1
Wolfe,Kentucky,21237,KY_1
Woodford,Kentucky,21239,KY_1
Acadia,Louisiana,22001,LA_0
Allen,Louisiana,22003,LA_0
Ascension,Louisiana,22005,LA_0
Assumption,Louisiana,22007,LA_0
Avoyelles,Louisiana,22009,LA_0
Beauregard,Louisiana,22011,LA_0
Bienville,Louisiana,22013,LA_1
Bossier,Louisiana,22015,LA_1
Caddo,Louisiana,22017,LA_1
Calcasieu,Louisiana,22019,LA_0
Caldwell,Louisiana,22021,LA_1
Cameron,Louisiana,22023,LA_0
Catahoula,Louisiana,22025,LA_1
Claiborne,Louisiana,22027,LA_1
Concordia,Louisiana,22029,LA_1
De Soto,Louisiana,22031,LA_1
East Baton Rouge,Louisiana,22033,LA_0
East Carroll,Louisiana,22035,LA_1
East Feliciana,Louisiana,22037,LA_0
Evangeline,Louisiana,22039,LA_0
Franklin,Louisiana,22041,LA_1
Grant,Louisiana,22043,LA_1
Iberia,Louisiana,22045,LA_0
Iberville,Louisiana,22047,LA_0
Jackson,Louisiana,22049,LA_1
Jefferson,Louisiana,22051,LA_0
Jefferson Davis,Louisiana,22053,LA_0
La Salle,Louisiana,22059,LA_1
Lafayette,Louisiana,22055,LA_0
Lafourche,Louisiana,22057,LA_0
Lincoln,Louisiana,22061,LA_1
Livingston,Louisiana,22063,LA_0
Madison,Louisiana,22065,LA_1
Morehouse,Louisiana,22067,LA_1
Natchitoches,Louisiana,22069,LA_1
Orleans,Louisiana,22071,LA_0
Ouachita,Louisiana,22073,LA_1
Plaquemines,Louisiana,22075,LA_0
Pointe Coupee,Louisiana,22077,LA_0
Rapides,Louisiana,22079,LA_0
Red River,Louisiana,22081,LA_1
Richland,Louisiana,22083,LA_1
Sabine,Louisiana,22085,LA_1
St. Bernard,Louisiana,22087,LA_0
St. Charles,Louisiana,22089,LA_0
St. Helena,Louisiana,22091,LA_0
St. James,Louisiana,22093,LA_0
St. John the Baptist,Louisiana,22095,LA_0
St. Landry,Louisiana,22097,LA_0
St. Martin,Louisiana,22099,LA_0
St. Mary,Louisiana,22101,LA_0
St. Tammany,Louisiana,22103,LA_0
Tangipahoa,Louisiana,22105,LA_0
Tensas,Louisiana,22107,LA_1
Terrebonne,Louisiana,22109,LA_0
Union,Louisiana,22111,LA_1
Vermilion,Louisiana,22113,LA_0
Vernon,Louisiana,22115,LA_0
Washington,Louisiana,22117,LA_0
Webster,Louisiana,22119,LA_1
West Baton Rouge,Louisiana,22121,LA_0
West Carroll,Louisiana,22123,LA_1
West Feliciana,Louisiana,22125,LA_0
Winn,Louisiana,22127,LA_1
Androscoggin,Maine,23001,ME_0
Aroostook,Maine,23003,ME_0
Cumberland,Maine,23005,ME_0
Franklin,Maine,23007,ME_0
Hancock,Maine,23009,ME_0
Kennebec,Maine,23011,ME_0
Knox,Maine,23013,ME_0
Lincoln,Maine,23015,ME_0
Oxford,Maine,23017,ME_0
Penobscot,Maine,23019,ME_0
Piscataquis,Maine,23021,ME_0
Sagadahoc,Maine,23023,ME_0
Somerset,Maine,23025,ME_0
Waldo,Maine,23027,ME_0
Washington,Maine,23029,ME_0
York,Maine,23031,ME_0
Allegany,Maryland,24001,MD_0
Anne Arundel,Maryland,24003,MD_0
Baltimore,Maryland,24005,MD_0
Baltimore City,Maryland,24510,MD_0
Calvert,Maryland,24009,MD_0
Caroline,Maryland,24011,MD_0
Carroll,Maryland,24013,MD_0
Cecil,Maryland,24015,MD_0
Charles,Maryland,24017,MD_0
Dorchester,Maryland,24019,MD_0
Frederick,Maryland,24021,MD_0
Garrett,Maryland,24023,MD_0
Harford,Maryland,24025,MD_0
Howard,Maryland,24027,MD_0
Kent,Maryland,24029,MD_0
Montgomery,Maryland,24031,MD_0
Prince George's,Maryland,24033,MD_0
Queen Anne's,Maryland,24035,MD_0
Somerset,Maryland,24039,MD_0
St. Mary's,Maryland,24037,MD_0
Talbot,Maryland,24041,MD_0
Washington,Maryland,24043,MD_0
Wicomico,Maryland,24045,MD_0
Worcester,Maryland,24047,MD_0
Barnstable,Massachusetts,25001,MA_1
Berkshire,Massachusetts,25003,MA_0
Bristol,Massachusetts,25005,MA_1
Dukes,Massachusetts,25007,MA_0
Essex,Massachusetts,25009,MA_1
Franklin,Massachusetts,25011,MA_0
Hampden,Massachusetts,25013,MA_0
Hampshire,Massachusetts,25015,MA_0
Middlesex,Massachusetts,25017,MA_1
Nantucket,Massachusetts,25019,MA_0
Norfolk,Massachusetts,25021,MA_1
Plymouth,Massachusetts,25023,MA_1
Suffolk,Massachusetts,25025,MA_1
Worcester,Massachusetts,25027,MA_0
Alcona,Michigan,26001,MI_1
Alger,Michigan,26003,MI_0
Allegan,Michigan,26005,MI_1
Alpena,Michigan,26007,MI_1
Antrim,Michigan,26009,MI_1
Arenac,Michigan,26011,MI_1
Baraga,Michigan,26013,MI_0
Barry,Michigan,26015,MI_1
Bay,Michigan,26017,MI_1
Benzie,Michigan,26019,MI_1
Berrien,Michigan,26021,MI_2
Branch,Michigan,26023,MI_1
Calhoun,Michigan,26025,MI_1
Cass,Michigan,26027,MI_2
Charlevoix,Michigan,26029,MI_1
Cheboygan,Michigan,26031,MI_1
Chippewa,Michigan,26033,MI_0
Clare,Michigan,26035,MI_1
Clinton,Michigan,26037,MI_1
Crawford,Michigan,26039,MI_1
Delta,Michigan,26041,MI_0
Dickinson,Michigan,26043,MI_0
Eaton,Michigan,26045,MI_1
Emmet,Michigan,26047,MI_1
Genesee,Michigan,26049,MI_1
Gladwin,Michigan,26051,MI_1
Gogebic,Michigan,26053,MI_0
Grand Traverse,Michigan,26055,MI_1
Gratiot,Michigan,26057,MI_1
Hillsdale,Michigan,26059,MI_1
Houghton,Michigan,26061,MI_0
Huron,Michigan,26063,MI_1
Ingham,Michigan,26065,MI_1
Ionia,Michigan,26067,MI_1
Iosco,Michigan,26069,MI_1
Iron,Michigan,26071,MI_0
Isabella,Michigan,26073,MI_1
Jackson,Michigan,26075,MI_1
Kalamazoo,Michigan,26077,MI_1
Kalkaska,Michigan,26079,MI_1
Kent,Michigan,26081,MI_1
Keweenaw,Michigan,26083,MI_0
Lake,Michigan,26085,MI_1
Lapeer,Michigan,26087,MI_1
Leelanau,Michigan,26089,MI_1
Lenawee,Michigan,26091,MI_1
Livingston,Michigan,26093,MI_4
Luce,Michigan,26095,MI_0
Mackinac,Michigan,26097,MI_0
Macomb,Michigan,26099,MI_4
Manistee,Michigan,26101,MI_1
Marquette,Michigan,26103,MI_0
Mason,Michigan,26105,MI_1
Mecosta,Michigan,26107,MI_1
Menominee,Michigan,26109,MI_0
Midland,Michigan,26111,MI_1
Missaukee,Michigan,26113,MI_1
Monroe,Michigan,26115,MI_4
Montcalm,Michigan,26117,MI_1
Montmorency,Michigan,26119,MI_1
Muskegon,Michigan,26121,MI_1
Newaygo,Michigan,26123,MI_1
Oakland,Michigan,26125,MI_4
Oceana,Michigan,26127,MI_1
Ogemaw,Michigan,26129,MI_1
Ontonagon,Michigan,26131,MI_0
Osceola,Michigan,26133,MI_1
Oscoda,Michigan,26135,MI_1
Otsego,Michigan,26137,MI_1
Ottawa,Michigan,26139,MI_1
Presque Isle,Michigan,26141,MI_1
Roscommon,Michigan,26143,MI_1
Saginaw,Michigan,26145,MI_1
Sanilac,Michigan,26151,MI_1
Schoolcraft,Michigan,26153,MI_0
Shiawassee,Michigan,26155,MI_1
St. Clair,Michigan,26147,MI_4
St. Joseph,Michigan,26149,MI_2
Tuscola,Michigan,26157,MI_1
Van Buren,Michigan,26159,MI_1
Washtenaw,Michigan,26161,MI_4
Wayne,Michigan,26163,MI_4
Wexford,Michigan,26165,MI_1
Aitkin,Minnesota,27001,MN_0
Anoka,Minnesota,27003,MN_1
Becker,Minnesota,27005,MN_0
Beltrami,Minnesota,27007,MN_0
Benton,Minnesota,27009,MN_1
Big Stone,Minnesota,27011,MN_1
Blue Earth,Minnesota,27013,MN_1
Brown,Minnesota,27015,MN_1
Carlton,Minnesota,27017,MN_0
Carver,Minnesota,27019,MN_1
Cass,Minnesota,27021,MN_0
Chippewa,Minnesota,27023,MN_1
Chisago,Minnesota,27025,MN_1
Clay,Minnesota,27027,MN_0
Clearwater,Minnesota,27029,MN_0
Cook,Minnesota,27031,MN_0
Cottonwood,Minnesota,27033,MN_1
Crow Wing,Minnesota,27035,MN_0
Dakota,Minnesota,27037,MN_1
Dodge,Minnesota,27039,MN_1
Douglas,Minnesota,27041,MN_1
Faribault,Minnesota,27043,MN_1
Fillmore,Minnesota,27045,MN_1
Freeborn,Minnesota,27047,MN_1
Goodhue,Minnesota,27049,MN_1
Grant,Minnesota,27051,MN_1
Hennepin,Minnesota,27053,MN_1
Houston,Minnesota,27055,MN_1
Hubbard,Minnesota,27057,MN_0
Isanti,Minnesota,27059,MN_1
Itasca,Minnesota,27061,MN_0
Jackson,Minnesota,27063,MN_1
Kanabec,Minnesota,27065,MN_1
Kandiyohi,Minnesota,27067,MN_1
Kittson,Minnesota,27069,MN_0
Koochiching,Minnesota,27071,MN_0
Lac qui Parle,Minnesota,27073,MN_1
Lake,Minnesota,27075,MN_0
Lake of the Woods,Minnesota,27077,MN_0
Le Sueur,Minnesota,27079,MN_1
Lincoln,Minnesota,27081,MN_1
Lyon,Minnesota,27083,MN_1
Mahnomen,Minnesota,27087,MN_0
Marshall,Minnesota,27089,MN_0
Martin,Minnesota,27091,MN_1
McLeod,Minnesota,27085,MN_1
Meeker,Minnesota,27093,MN_1
Mille Lacs,Minnesota,27095,MN_1
Morrison,Minnesota,27097,MN_1
Mower,Minnesota,27099,MN_1
Murray,Minnesota,27101,MN_1
Nicollet,Minnesota,27103,MN_1
Nobles,Minnesota,27105,MN_1
Norman,Minnesota,27107,MN_0
Olmsted,Minnesota,27109,MN_1
Otter Tail,Minnesota,27111,MN_0
Pennington,Minnesota,27113,MN_0
Pine,Minnesota,27115,MN_1
Pipestone,Minnesota,27117,MN_1
Polk,Minnesota,27119,MN_0
Pope,Minnesota,27121,MN_1
Ramsey,Minnesota,27123,MN_1
Red Lake,Minnesota,27125,MN_0
Redwood,Minnesota,27127,MN_1
Renville,Minnesota,27129,MN_1
Rice,Minnesota,27131,MN_1
Rock,Minnesota,27133,MN_1
Roseau,Minnesota,27135,MN_0
Scott,Minnesota,27139,MN_1
Sherburne,Minnesota,27141,MN_1
Sibley,Minnesota,27143,MN_1
St. Louis,Minnesota,27137,MN_0
Stearns,Minnesota,27145,MN_1
Steele,Minnesota,27147,MN_1
Stevens,Minnesota,27149,MN_1
Swift,Minnesota,27151,MN_1
Todd,Minnesota,27153,MN_1
Traverse,Minnesota,27155,MN_1
Wabasha,Minnesota,27157,MN_1
Wadena,Minnesota,27159,MN_0
Waseca,Minnesota,27161,MN_1
Washington,Minnesota,27163,MN_1
Watonwan,Minnesota,27165,MN_1
Wilkin,Minnesota,27167,MN_0
Winona,Minnesota,27169,MN_1
Wright,Minnesota,27171,MN_1
Yellow Medicine,Minnesota,27173,MN_1
Adams,Mississippi,28001,MS_0
Alcorn,Mississippi,28003,MS_1
Amite,Mississippi,28005,MS_0
Attala,Mississippi,28007,MS_0
Benton,Mississippi,28009,MS_1
Bolivar,Mississippi,28011,MS_0
Calhoun,Mississippi,28013,MS_1
Carroll,Mississippi,28015,MS_0
Chickasaw,Mississippi,28017,MS_1
Choctaw,Mississippi,28019,MS_1
Claiborne,Mississippi,28021,MS_0
Clarke,Mississippi,28023,MS_0
Clay,Mississippi,28025,MS_1
Coahoma,Mississippi,28027,MS_0
Copiah,Mississippi,28029,MS_0
Covington,Mississippi,28031,MS_0
DeSoto,Mississippi,28033,MS_0
Forrest,Mississippi,28035,MS_0
Franklin,Mississippi,28037,MS_0
George,Mississippi,28039,MS_0
Greene,Mississippi,28041,MS_0
Grenada,Mississippi,28043,MS_0
Hancock,Mississippi,28045,MS_0
Harrison,Mississippi,28047,MS_0
Hinds,Mississippi,28049,MS_0
Holmes,Mississippi,28051,MS_0
Humphreys,Mississippi,28053,MS_0
Issaquena,Mississippi,28055,MS_0
Itawamba,Mississippi,28057,MS_1
Jackson,Mississippi,28059,MS_0
Jasper,Mississippi,28061,MS_0
Jefferson,Mississippi,28063,MS_0
Jefferson Davis,Mississippi,28065,MS_0
Jones,Mississippi,28067,MS_0
Kemper,Mississippi,28069,MS_1
Lafayette,Mississippi,28071,MS_1
Lamar,Mississippi,28073,MS_0
Lauderdale,Mississippi,28075,MS_0
Lawrence,Mississippi,28077,MS_0
Leake,Mississippi,28079,MS_0
Lee,Mississippi,28081,MS_1
Leflore,Mississippi,28083,MS_0
Lincoln,Mississippi,28085,MS_0
Lowndes,Mississippi,28087,MS_1
Madison,Mississippi,28089,MS_0
Marion,Mississippi,28091,MS_0
Marshall,Mississippi,28093,MS_1
Monroe,Mississippi,28095,MS_1
Montgomery,Mississippi,28097,MS_0
Neshoba,Mississippi,28099,MS_1
Newton,Mississippi,28101,MS_0
Noxubee,Mississippi,28103,MS_1
Oktibbeha,Mississippi,28105,MS_1
Panola,Mississippi,28107,MS_0
Pearl River,Mississippi,28109,MS_0
Perry,Mississippi,28111,MS_0
Pike,Mississippi,28113,MS_0
Pontotoc,Mississippi,28115,MS_1
Prentiss,Mississippi,28117,MS_1
Quitman,Mississippi,28119,MS_0
Rankin,Mississippi,28121,MS_0
Scott,Mississippi,28123,MS_0
Sharkey,Mississippi,28125,MS_0
Simpson,Mississippi,28127,MS_0
Smith,Mississippi,28129,MS_0
Stone,Mississippi,28131,MS_0
Sunflower,Mississippi,28133,MS_0
Tallahatchie,Mississippi,28135,MS_0
Tate,Mississippi,28137,MS_0
Tippah,Mississippi,28139,MS_1
Tishomingo,Mississippi,28141,MS_1
Tunica,Mississippi,28143,MS_0
Union,Mississippi,28145,MS_1
Walthall,Mississippi,28147,MS_0
Warren,Mississippi,28149,MS_0
Washington,Mississippi,28151,MS_0
Wayne,Mississippi,28153,MS_0
Webster,Mississippi,28155,MS_1
Wilkinson,Mississippi,28157,MS_0
Winston,Mississippi,28159,MS_1
Yalobusha,Mississippi,28161,MS_1
Yazoo,Mississippi,28163,MS_0
Adair,Missouri,29001,MO_1
Andrew,Missouri,29003,MO_0
Atchison,Missouri,29005,MO_0
Audrain,Missouri,29007,MO_1
Barry,Missouri,29009,MO_0
Barton,Missouri,29011,MO_0
Bates,Missouri,29013,MO_0
Benton,Missouri,29015,MO_0
Bollinger,Missouri,29017,MO_1
Boone,Missouri,29019,MO_1
Buchanan,Missouri,29021,MO_0
Butler,Missouri,29023,MO_1
Caldwell,Missouri,29025,MO_0
Callaway,Missouri,29027,MO_1
Camden,Missouri,29029,MO_0
Cape Girardeau,Missouri,29031,MO_1
Carroll,Missouri,29033,MO_0
Carter,Missouri,29035,MO_1
Cass,Missouri,29037,MO_0
Cedar,Missouri,29039,MO_0
Chariton,Missouri,29041,MO_0
Christian,Missouri,29043,MO_0
Clark,Missouri,29045,MO_1
Clay,Missouri,29047,MO_0
Clinton,Missouri,29049,MO_0
Cole,Missouri,29051,MO_1
Cooper,Missouri,29053,MO_0
Crawford,Missouri,29055,MO_1
Dade,Missouri,29057,MO_0
Dallas,Missouri,29059,MO_0
Daviess,Missouri,29061,MO_0
DeKalb,Missouri,29063,MO_0
Dent,Missouri,29065,MO_1
Douglas,Missouri,29067,MO_0
Dunklin,Missouri,29069,MO_1
Franklin,Missouri,29071,MO_1
Gasconade,Missouri,29073,MO_1
Gentry,Missouri,29075,MO_0
Greene,Missouri,29077,MO_0
Grundy,Missouri,29079,MO_0
Harrison,Missouri,29081,MO_0
Henry,Missouri,29083,MO_0
Hickory,Missouri,29085,MO_0
Holt,Missouri,29087,MO_0
Howard,Missouri,29089,MO_0
Howell,Missouri,29091,MO_1
Iron,Missouri,29093,MO_1
Jackson,Missouri,29095,MO_0
Jasper,Missouri,29097,MO_0
Jefferson,Missouri,29099,MO_1
Johnson,Missouri,29101,MO_0
Knox,Missouri,29103,MO_1
Laclede,Missouri,29105,MO_0
Lafayette,Missouri,29107,MO_0
Lawrence,Missouri,29109,MO_0
Lewis,Missouri,29111,MO_1
Lincoln,Missouri,29113,MO_1
Linn,Missouri,29115,MO_0
Livingston,Missouri,29117,MO_0
Macon,Missouri,29121,MO_1
Madison,Missouri,29123,MO_1
Maries,Missouri,29125,MO_1
Marion,Missouri,29127,MO_1
McDonald,Missouri,29119,MO_0
Mercer,Missouri,29129,MO_0
Miller,Missouri,29131,MO_1
Mississippi,Missouri,29133,MO_1
Moniteau,Missouri,29135,MO_1
Monroe,Missouri,29137,MO_1
Montgomery,Missouri,29139,MO_1
Morgan,Missouri,29141,MO_0
New Madrid,Missouri,29143,MO_1
Newton,Missouri,29145,MO_0
Nodaway,Missouri,29147,MO_0
Oregon,Missouri,29149,MO_1
Osage,Missouri,29151,MO_1
Ozark,Missouri,29153,MO_0
Pemiscot,Missouri,29155,MO_1
Perry,Missouri,29157,MO_1
Pettis,Missouri,29159,MO_0
Phelps,Missouri,29161,MO_1
Pike,Missouri,29163,MO_1
Platte,Missouri,29165,MO_0
Polk,Missouri,29167,MO_0
Pulaski,Missouri,29169,MO_1
Putnam,Missouri,29171,MO_0
Ralls,Missouri,29173,MO_1
Randolph,Missouri,29175,MO_1
Ray,Missouri,29177,MO_0
Reynolds,Missouri,29179,MO_1
Ripley,Missouri,29181,MO_1
Saline,Missouri,29195,MO_0
Schuyler,Missouri,29197,MO_1
Scotland,Missouri,29199,MO_1
Scott,Missouri,29201,MO_1
Shannon,Missouri,29203,MO_1
Shelby,Missouri,29205,MO_1
St. Charles,Missouri,29183,MO_1
St. Clair,Missouri,29185,MO_0
St. Francois,Missouri,29187,MO_1
St. Louis,Missouri,29189,MO_1
St. Louis City,Missouri,29510,MO_1
Ste. Genevieve,Missouri,29186,MO_1
Stoddard,Missouri,29207,MO_1
Stone,Missouri,29209,MO_0
Sullivan,Missouri,29211,MO_0
Taney,Missouri,29213,MO_0
Texas,Missouri,29215,MO_1
Vernon,Missouri,29217,MO_0
Warren,Missouri,29219,MO_1
Washington,Missouri,29221,MO_1
Wayne,Missouri,29223,MO_1
Webster,Missouri,29225,MO_0
Worth,Missouri,29227,MO_0
Wright,Missouri,29229,MO_0
Beaverhead,Montana,30001,MT_0
Big Horn,Montana,30003,MT_1
Blaine,Montana,30005,MT_1
Broadwater,Montana,30007,MT_0
Carbon,Montana,30009,MT_1
Carter,Montana,30011,MT_2
Cascade,Montana,30013,MT_1
Chouteau,Montana,30015,MT_1
Custer,Montana,30017,MT_1
Daniels,Montana,30019,MT_2
Dawson,Montana,30021,MT_2
Deer Lodge,Montana,30023,MT_0
Fallon,Montana,30025,MT_2
Fergus,Montana,30027,MT_1
Flathead,Montana,30029,MT_0
Gallatin,Montana,30031,MT_1
Garfield,Montana,30033,MT_1
Glacier,Montana,30035,MT_1
Golden Valley,Montana,30037,MT_1
Granite,Montana,30039,MT_0
Hill,Montana,30041,MT_1
Jefferson,Montana,30043,MT_0
Judith Basin,Montana,30045,MT_1
Lake,Montana,30047,MT_0
Lewis and Clark,Montana,30049,MT_0
Liberty,Montana,30051,MT_1
Lincoln,Montana,30053,MT_0
Madison,Montana,30057,MT_0
McCone,Montana,30055,MT_2
Meagher,Montana,30059,MT_1
Mineral,Montana,30061,MT_0
Missoula,Montana,30063,MT_0
Musselshell,Montana,30065,MT_1
Park,Montana,30067,MT_1
Petroleum,Montana,30069,MT_1
Phillips,Montana,30071,MT_1
Pondera,Montana,30073,MT_1
Powder River,Montana,30075,MT_1
Powell,Montana,30077,MT_0
Prairie,Montana,30079,MT_2
Ravalli,Montana,30081,MT_0
Richland,Montana,30083,MT_2
Roosevelt,Montana,30085,MT_2
Rosebud,Montana,30087,MT_1
Sanders,Montana,30089,MT_0
Sheridan,Montana,30091,MT_2
Silver Bow,Montana,30093,MT_0
Stillwater,Montana,30095,MT_1
Sweet Grass,Montana,30097,MT_1
Teton,Montana,30099,MT_1
Toole,Montana,30101,MT_1
Treasure,Montana,30103,MT_1
Valley,Montana,30105,MT_1
Wheatland,Montana,30107,MT_1
Wibaux,Montana,30109,MT_2
Yellowstone,Montana,30111,MT_1
Adams,Nebraska,31001,NE_0
Antelope,Nebraska,31003,NE_1
Arthur,Nebraska,31005,NE_0
Banner,Nebraska,31007,NE_0
Blaine,Nebraska,31009,NE_0
Boone,Nebraska,31011,NE_0
Box Butte,Nebraska,31013,NE_0
Boyd,Nebraska,31015,NE_0
Brown,Nebraska,31017,NE_0
Buffalo,Nebraska,31019,NE_0
Burt,Nebraska,31021,NE_1
Butler,Nebraska,31023,NE_1
Cass,Nebraska,31025,NE_1
Cedar,Nebraska,31027,NE_1
Chase,Nebraska,31029,NE_0
Cherry,Nebraska,31031,NE_0
Cheyenne,Nebraska,31033,NE_0
Clay,Nebraska,31035,NE_0
Colfax,Nebraska,31037,NE_1
Cuming,Nebraska,31039,NE_1
Custer,Nebraska,31041,NE_0
Dakota,Nebraska,31043,NE_1
Dawes,Nebraska,31045,NE_0
Dawson,Nebraska,31047,NE_0
Deuel,Nebraska,31049,NE_0
Dixon,Nebraska,31051,NE_1
Dodge,Nebraska,31053,NE_1
Douglas,Nebraska,31055,NE_1
Dundy,Nebraska,31057,NE_0
Fillmore,Nebraska,31059,NE_1
Franklin,Nebraska,31061,NE_0
Frontier,Nebraska,31063,NE_0
Furnas,Nebraska,31065,NE_0
Gage,Nebraska,31067,NE_1
Garden,Nebraska,31069,NE_0
Garfield,Nebraska,31071,NE_0
Gosper,Nebraska,31073,NE_0
Grant,Nebraska,31075,NE_0
Greeley,Nebraska,31077,NE_0
Hall,Nebraska,31079,NE_0
Hamilton,Nebraska,31081,NE_0
Harlan,Nebraska,31083,NE_0
Hayes,Nebraska,31085,NE_0
Hitchcock,Nebraska,31087,NE_0
Holt,Nebraska,31089,NE_0
Hooker,Nebraska,31091,NE_0
Howard,Nebraska,31093,NE_0
Jefferson,Nebraska,31095,NE_1
Johnson,Nebraska,31097,NE_1
Kearney,Nebraska,31099,NE_0
Keith,Nebraska,31101,NE_0
Keya Paha,Nebraska,31103,NE_0
Kimball,Nebraska,31105,NE_0
Knox,Nebraska,31107,NE_1
Lancaster,Nebraska,31109,NE_1
Lincoln,Nebraska,31111,NE_0
Logan,Nebraska,31113,NE_0
Loup,Nebraska,31115,NE_0
Madison,Nebraska,31119,NE_1
McPherson,Nebraska,31117,NE_0
Merrick,Nebraska,31121,NE_0
Morrill,Nebraska,31123,NE_0
Nance,Nebraska,31125,NE_0
Nemaha,Nebraska,31127,NE_1
Nuckolls,Nebraska,31129,NE_0
Otoe,Nebraska,31131,NE_1
Pawnee,Nebraska,31133,NE_1
Perkins,Nebraska,31135,NE_0
Phelps,Nebraska,31137,NE_0
Pierce,Nebraska,31139,NE_1
Platte,Nebraska,31141,NE_1
Polk,Nebraska,31143,NE_1
Red Willow,Nebraska,31145,NE_0
Richardson,Nebraska,31147,NE_1
Rock,Nebraska,31149,NE_0
Saline,Nebraska,31151,NE_1
Sarpy,Nebraska,31153,NE_1
Saunders,Nebraska,31155,NE_1
Scotts Bluff,Nebraska,31157,NE_0
Seward,Nebraska,31159,NE_1
Sheridan,Nebraska,31161,NE_0
Sherman,Nebraska,31163,NE_0
Sioux,Nebraska,31165,NE_0
Stanton,Nebraska,31167,NE_1
Thayer,Nebraska,31169,NE_1
Thomas,Nebraska,31171,NE_0
Thurston,Nebraska,31173,NE_1
Valley,Nebraska,31175,NE_0
Washington,Nebraska,31177,NE_1
Wayne,Nebraska,31179,NE_1
Webster,Nebraska,31181,NE_0
Wheeler,Nebraska,31183,NE_0
York,Nebraska,31185,NE_1
Carson City,Nevada,32510,NV_0
Churchill,Nevada,32001,NV_0
Clark,Nevada,32003,NV_1
Douglas,Nevada,32005,NV_0
Elko,Nevada,32007,NV_0
Esmeralda,Nevada,32009,NV_1
Eureka,Nevada,32011,NV_0
Humboldt,Nevada,32013,NV_0
Lander,Nevada,32015,NV_0
Lincoln,Nevada,32017,NV_1
Lyon,Nevada,32019,NV_0
Mineral,Nevada,32021,NV_0
Nye,Nevada,32023,NV_1
Pershing,Nevada,32027,NV_0
Storey,Nevada,32029,NV_0
Washoe,Nevada,32031,NV_0
White Pine,Nevada,32033,NV_1
Belknap,New Hampshire,33001,NH_0
Carroll,New Hampshire,33003,NH_0
Cheshire,New Hampshire,33005,NH_0
Coos,New Hampshire,33007,NH_0
Grafton,New Hampshire,33009,NH_0
Hillsborough,New Hampshire,33011,NH_0
Merrimack,New Hampshire,33013,NH_0
Rockingham,New Hampshire,33015,NH_0
Strafford,New Hampshire,33017,NH_0
Sullivan,New Hampshire,33019,NH_0
Atlantic,New Jersey,34001,NJ_0
Bergen,New Jersey,34003,NJ_0
Burlington,New Jersey,34005,NJ_0
Camden,New Jersey,34007,NJ_0
Cape May,New Jersey,34009,NJ_0
Cumberland,New Jersey,34011,NJ_0
Essex,New Jersey,34013,NJ_0
Gloucester,New Jersey,34015,NJ_0
Hudson,New Jersey,34017,NJ_0
Hunterdon,New Jersey,34019,NJ_0
Mercer,New Jersey,34021,NJ_0
Middlesex,New Jersey,34023,NJ_0
Monmouth,New Jersey,34025,NJ_0
Morris,New Jersey,34027,NJ_0
Ocean,New Jersey,34029,NJ_0
Passaic,New Jersey,34031,NJ_0
Salem,New Jersey,34033,NJ_0
Somerset,New Jersey,34035,NJ_0
Sussex,New Jersey,34037,NJ_0
Union,New Jersey,34039,NJ_0
Warren,New Jersey,34041,NJ_0
Bernalillo,New Mexico,35001,NM_0
Catron,New Mexico,35003,NM_0
Chaves,New Mexico,35005,NM_1
Cibola,New Mexico,35006,NM_0
Colfax,New Mexico,35007,NM_0
Curry,New Mexico,35009,NM_1
De Baca,New Mexico,35011,NM_0
Dona Ana,New Mexico,35013,NM_0
Eddy,New Mexico,35015,NM_1
Grant,New Mexico,35017,NM_0
Guadalupe,New Mexico,35019,NM_0
Harding,New Mexico,35021,NM_0
Hidalgo,New Mexico,35023,NM_0
Lea,New Mexico,35025,NM_1
Lincoln,New Mexico,35027,NM_0
Los Alamos,New Mexico,35028,NM_0
Luna,New Mexico,35029,NM_0
McKinley,New Mexico,35031,NM_0
Mora,New Mexico,35033,NM_0
Otero,New Mexico,35035,NM_0
Quay,New Mexico,35037,NM_1
Rio Arriba,New Mexico,35039,NM_0
Roosevelt,New Mexico,35041,NM_1
San Juan,New Mexico,35045,NM_0
San Miguel,New Mexico,35047,NM_0
Sandoval,New Mexico,35043,NM_0
Santa Fe,New Mexico,35049,NM_0
Sierra,New Mexico,35051,NM_0
Socorro,New Mexico,35053,NM_0
Taos,New Mexico,35055,NM_0
Torrance,New Mexico,35057,NM_0
Union,New Mexico,35059,NM_0
Valencia,New Mexico,35061,NM_0
Albany,New York,36001,NY_0
Allegany,New York,36003,NY_0
Bronx,New York,36005,NY_2
Broome,New York,36007,NY_0
Cattaraugus,New York,36009,NY_0
Cayuga,New York,36011,NY_0
Chautauqua,New York,36013,NY_0
Chemung,New York,36015,NY_0
Chenango,New York,36017,NY_0
Clinton,New York,36019,NY_0
Columbia,New York,36021,NY_0
Cortland,New York,36023,NY_0
Delaware,New York,36025,NY_0
Dutchess,New York,36027,NY_1
Erie,New York,36029,NY_0
Essex,New York,36031,NY_0
Franklin,New York,36033,NY_0
Fulton,New York,36035,NY_0
Genesee,New York,36037,NY_0
Greene,New York,36039,NY_1
Hamilton,New York,36041,NY_0
Herkimer,New York,36043,NY_0
Jefferson,New York,36045,NY_0
Kings,New York,36047,NY_2
Lewis,New York,36049,NY_0
Livingston,New York,36051,NY_0
Madison,New York,36053,NY_0
Monroe,New York,36055,NY_0
Montgomery,New York,36057,NY_0
Nassau,New York,36059,NY_3
New York,New York,36061,NY_2
Niagara,New York,36063,NY_0
Oneida,New York,36065,NY_0
Onondaga,New York,36067,NY_0
Ontario,New York,36069,NY_0
Orange,New York,36071,NY_1
Orleans,New York,36073,NY_0
Oswego,New York,36075,NY_0
Otsego,New York,36077,NY_0
Putnam,New York,36079,NY_1
Queens,New York,36081,NY_2
Rensselaer,New York,36083,NY_0
Richmond,New York,36085,NY_2
Rockland,New York,36087,NY_1
Saratoga,New York,36091,NY_0
Schenectady,New York,36093,NY_0
Schoharie,New York,36095,NY_0
Schuyler,New York,36097,NY_0
Seneca,New York,36099,NY_0
St. Lawrence,New York,36089,NY_0
Steuben,New York,36101,NY_0
Suffolk,New York,36103,NY_3
Sullivan,New York,36105,NY_0
Tioga,New York,36107,NY_0
Tompkins,New York,36109,NY_0
Ulster,New York,36111,NY_1
Warren,New York,36113,NY_0
Washington,New York,36115,NY_0
Wayne,New York,36117,NY_0
Westchester,New York,36119,NY_1
Wyoming,New York,36121,NY_0
Yates,New York,36123,NY_0
Alamance,North Carolina,37001,NC_1
Alexander,North Carolina,37003,NC_0
Alleghany,North Carolina,37005,NC_0
Anson,North Carolina,37007,NC_0
Ashe,North Carolina,37009,NC_0
Avery,North Carolina,37011,NC_0
Beaufort,North Carolina,37013,NC_2
Bertie,North Carolina,37015,NC_2
Bladen,North Carolina,37017,NC_1
Brunswick,North Carolina,37019,NC_1
Buncombe,North Carolina,37021,NC_0
Burke,North Carolina,37023,NC_0
Cabarrus,North Carolina,37025,NC_0
Caldwell,North Carolina,37027,NC_0
Camden,North Carolina,37029,NC_2
Carteret,North Carolina,37031,NC_1
Caswell,North Carolina,37033,NC_1
Catawba,North Carolina,37035,NC_0
Chatham,North Carolina,37037,NC_1
Cherokee,North Carolina,37039,NC_0
Chowan,North Carolina,37041,NC_2
Clay,North Carolina,37043,NC_0
Cleveland,North Carolina,37045,NC_0
Columbus,North Carolina,37047,NC_1
Craven,North Carolina,37049,NC_1
Cumberland,North Carolina,37051,NC_1
Currituck,North Carolina,37053,NC_2
Dare,North Carolina,37055,NC_2
Davidson,North Carolina,37057,NC_0
Davie,North Carolina,37059,NC_0
Duplin,North Carolina,37061,NC_1
Durham,North Carolina,37063,NC_1
Edgecombe,North Carolina,37065,NC_2
Forsyth,North Carolina,37067,NC_0
Franklin,North Carolina,37069,NC_1
Gaston,North Carolina,37071,NC_0
Gates,North Carolina,37073,NC_2
Graham,North Carolina,37075,NC_0
Granville,North Carolina,37077,NC_1
Greene,North Carolina,37079,NC_1
Guilford,North Carolina,37081,NC_0
Halifax,North Carolina,37083,NC_2
Harnett,North Carolina,37085,NC_1
Haywood,North Carolina,37087,NC_0
Henderson,North Carolina,37089,NC_0
Hertford,North Carolina,37091,NC_2
Hoke,North Carolina,37093,NC_1
Hyde,North Carolina,37095,NC_2
Iredell,North Carolina,37097,NC_0
Jackson,North Carolina,37099,NC_0
Johnston,North Carolina,37101,NC_1
Jones,North Carolina,37103,NC_1
Lee,North Carolina,37105,NC_1
Lenoir,North Carolina,37107,NC_1
Lincoln,North Carolina,37109,NC_0
Macon,North Carolina,37113,NC_0
Madison,North Carolina,37115,NC_0
Martin,North Carolina,37117,NC_2
McDowell,North Carolina,37111,NC_0
Mecklenburg,North Carolina,37119,NC_0
Mitchell,North Carolina,37121,NC_0
Montgomery,North Carolina,37123,NC_1
Moore,North Carolina,37125,NC_1
Nash,North Carolina,37127,NC_1
New Hanover,North Carolina,37129,NC_1
Northampton,North Carolina,37131,NC_2
Onslow,North Carolina,37133,NC_1
Orange,North Carolina,37135,NC_1
Pamlico,North Carolina,37137,NC_1
Pasquotank,North Carolina,37139,NC_2
Pender,North Carolina,37141,NC_1
Perquimans,North Carolina,37143,NC_2
Person,North Carolina,37145,NC_1
Pitt,North Carolina,37147,NC_1
Polk,North Carolina,37149,NC_0
Randolph,North Carolina,37151,NC_0
Richmond,North Carolina,37153,NC_1
Robeson,North Carolina,37155,NC_1
Rockingham,North Carolina,37157,NC_0
Rowan,North Carolina,37159,NC_0
Rutherford,North Carolina,37161,NC_0
Sampson,North Carolina,37163,NC_1
Scotland,North Carolina,37165,NC_1
Stanly,North Carolina,37167,NC_0
Stokes,North Carolina,37169,NC_0
Surry,North Carolina,37171,NC_0
Swain,North Carolina,37173,NC_0
Transylvania,North Carolina,37175,NC_0
Tyrrell,North Carolina,37177,NC_2
Union,North Carolina,37179,NC_0
Vance,North Carolina,37181,NC_1
Wake,North Carolina,37183,NC_1
Warren,North Carolina,37185,NC_1
Washington,North Carolina,37187,NC_2
Watauga,North Carolina,37189,NC_0
Wayne,North Carolina,37191,NC_1
Wilkes,North Carolina,37193,NC_0
Wilson,North Carolina,37195,NC_1
Yadkin,North Carolina,37197,NC_0
Yancey,North Carolina,37199,NC_0
Adams,North Dakota,38001,ND_0
Barnes,North Dakota,38003,ND_1
Benson,North Dakota,38005,ND_1
Billings,North Dakota,38007,ND_0
Bottineau,North Dakota,38009,ND_0
Bowman,North Dakota,38011,ND_0
Burke,North Dakota,38013,ND_0
Burleigh,North Dakota,38015,ND_0
Cass,North Dakota,38017,ND_1
Cavalier,North Dakota,38019,ND_1
Dickey,North Dakota,38021,ND_1
Divide,North Dakota,38023,ND_0
Dunn,North Dakota,38025,ND_0
Eddy,North Dakota,38027,ND_1
Emmons,North Dakota,38029,ND_0
Foster,North Dakota,38031,ND_1
Golden Valley,North Dakota,38033,ND_0
Grand Forks,North Dakota,38035,ND_1
Grant,North Dakota,38037,ND_0
Griggs,North Dakota,38039,ND_1
Hettinger,North Dakota,38041,ND_0
Kidder,North Dakota,38043,ND_1
LaMoure,North Dakota,38045,ND_1
Logan,North Dakota,38047,ND_1
McHenry,North Dakota,38049,ND_0
McIntosh,North Dakota,38051,ND_1
McKenzie,North Dakota,38053,ND_0
McLean,North Dakota,38055,ND_0
Mercer,North Dakota,38057,ND_0
Morton,North Dakota,38059,ND_0
Mountrail,North Dakota,38061,ND_0
Nelson,North Dakota,38063,ND_1
Oliver,North Dakota,38065,ND_0
Pembina,North Dakota,38067,ND_1
Pierce,North Dakota,38069,ND_1
Ramsey,North Dakota,38071,ND_1
Ransom,North Dakota,38073,ND_1
Renville,North Dakota,38075,ND_0
Richland,North Dakota,38077,ND_1
Rolette,North Dakota,38079,ND_1
Sargent,North Dakota,38081,ND_1
Sheridan,North Dakota,38083,ND_0
Sioux,North Dakota,38085,ND_0
Slope,North Dakota,38087,ND_0
Stark,North Dakota,38089,ND_0
Steele,North Dakota,38091,ND_1
Stutsman,North Dakota,38093,ND_1
Towner,North Dakota,38095,ND_1
Traill,North Dakota,38097,ND_1
Walsh,North Dakota,38099,ND_1
Ward,North Dakota,38101,ND_0
Wells,North Dakota,38103,ND_1
Williams,North Dakota,38105,ND_0
Adams,Ohio,39001,OH_1
Allen,Ohio,39003,OH_1
Ashland,Ohio,39005,OH_1
Ashtabula,Ohio,39007,OH_0
Athens,Ohio,39009,OH_1
Auglaize,Ohio,39011,OH_1
Belmont,Ohio,39013,OH_1
Brown,Ohio,39015,OH_2
Butler,Ohio,39017,OH_2
Carroll,Ohio,39019,OH_1
Champaign,Ohio,39021,OH_1
Clark,Ohio,39023,OH_2
Clermont,Ohio,39025,OH_2
Clinton,Ohio,39027,OH_2
Columbiana,Ohio,39029,OH_0
Coshocton,Ohio,39031,OH_1
Crawford,Ohio,39033,OH_1
Cuyahoga,Ohio,39035,OH_0
Darke,Ohio,39037,OH_1
Defiance,Ohio,39039,OH_1
Delaware,Ohio,39041,OH_1
Erie,Ohio,39043,OH_0
Fairfield,Ohio,39045,OH_1
Fayette,Ohio,39047,OH_2
Franklin,Ohio,39049,OH_1
Fulton,Ohio,39051,OH_0
Gallia,Ohio,39053,OH_1
Geauga,Ohio,39055,OH_0
Greene,Ohio,39057,OH_2
Guernsey,Ohio,39059,OH_1
Hamilton,Ohio,39061,OH_2
Hancock,Ohio,39063,OH_1
Hardin,Ohio,39065,OH_1
Harrison,Ohio,39067,OH_1
Henry,Ohio,39069,OH_1
Highland,Ohio,39071,OH_1
Hocking,Ohio,39073,OH_1
Holmes,Ohio,39075,OH_1
Huron,Ohio,39077,OH_1
Jackson,Ohio,39079,OH_1
Jefferson,Ohio,39081,OH_1
Knox,Ohio,39083,OH_1
Lake,Ohio,39085,OH_0
Lawrence,Ohio,39087,OH_1
Licking,Ohio,39089,OH_1
Logan,Ohio,39091,OH_1
Lorain,Ohio,39093,OH_0
Lucas,Ohio,39095,OH_0
Madison,Ohio,39097,OH_2
Mahoning,Ohio,39099,OH_0
Marion,Ohio,39101,OH_1
Medina,Ohio,39103,OH_0
Meigs,Ohio,39105,OH_1
Mercer,Ohio,39107,OH_1
Miami,Ohio,39109,OH_2
Monroe,Ohio,39111,OH_1
Montgomery,Ohio,39113,OH_2
Morgan,Ohio,39115,OH_1
Morrow,Ohio,39117,OH_1
Muskingum,Ohio,39119,OH_1
Noble,Ohio,39121,OH_1
Ottawa,Ohio,39123,OH_0
Paulding,Ohio,39125,OH_1
Perry,Ohio,39127,OH_1
Pickaway,Ohio,39129,OH_1
Pike,Ohio,39131,OH_1
Portage,Ohio,39133,OH_0
Preble,Ohio,39135,OH_2
Putnam,Ohio,39137,OH_1
Richland,Ohio,39139,OH_1
Ross,Ohio,39141,OH_1
Sandusky,Ohio,39143,OH_0
Scioto,Ohio,39145,OH_1
Seneca,Ohio,39147,OH_1
Shelby,Ohio,39149,OH_1
Stark,Ohio,39151,OH_0
Summit,Ohio,39153,OH_0
Trumbull,Ohio,39155,OH_0
Tuscarawas,Ohio,39157,OH_1
Union,Ohio,39159,OH_1
Van Wert,Ohio,39161,OH_1
Vinton,Ohio,39163,OH_1
Warren,Ohio,39165,OH_2
Washington,Ohio,39167,OH_1
Wayne,Ohio,39169,OH_1
Williams,Ohio,39171,OH_1
Wood,Ohio,39173,OH_0
Wyandot,Ohio,39175,OH_1
Adair,Oklahoma,40001,OK_1
Alfalfa,Oklahoma,40003,OK_0
Atoka,Oklahoma,40005,OK_1
Beaver,Oklahoma,40007,OK_0
Beckham,Oklahoma,40009,OK_0
Blaine,Oklahoma,40011,OK_0
Bryan,Oklahoma,40013,OK_1
Caddo,Oklahoma,40015,OK_0
Canadian,Oklahoma,40017,OK_0
Carter,Oklahoma,40019,OK_0
Cherokee,Oklahoma,40021,OK_1
Choctaw,Oklahoma,40023,OK_1
Cimarron,Oklahoma,40025,OK_0
Cleveland,Oklahoma,40027,OK_0
Coal,Oklahoma,40029,OK_1
Comanche,Oklahoma,40031,OK_0
Cotton,Oklahoma,40033,OK_0
Craig,Oklahoma,40035,OK_1
Creek,Oklahoma,40037,OK_1
Custer,Oklahoma,40039,OK_0
Delaware,Oklahoma,40041,OK_1
Dewey,Oklahoma,40043,OK_0
Ellis,Oklahoma,40045,OK_0
Garfield,Oklahoma,40047,OK_0
Garvin,Oklahoma,40049,OK_0
Grady,Oklahoma,40051,OK_0
Grant,Oklahoma,40053,OK_0
Greer,Oklahoma,40055,OK_0
Harmon,Oklahoma,40057,OK_0
Harper,Oklahoma,40059,OK_0
Haskell,Oklahoma,40061,OK_1
Hughes,Oklahoma,40063,OK_1
Jackson,Oklahoma,40065,OK_0
Jefferson,Oklahoma,40067,OK_0
Johnston,Oklahoma,40069,OK_0
Kay,Oklahoma,40071,OK_0
Kingfisher,Oklahoma,40073,OK_0
Kiowa,Oklahoma,40075,OK_0
Latimer,Oklahoma,40077,OK_1
Le Flore,Oklahoma,40079,OK_1
Lincoln,Oklahoma,40081,OK_0
Logan,Oklahoma,40083,OK_0
Love,Oklahoma,40085,OK_0
Major,Oklahoma,40093,OK_0
Marshall,Oklahoma,40095,OK_0
Mayes,Oklahoma,40097,OK_1
McClain,Oklahoma,40087,OK_0
McCurtain,Oklahoma,40089,OK_1
McIntosh,Oklahoma,40091,OK_1
Murray,Oklahoma,40099,OK_0
Muskogee,Oklahoma,40101,OK_1
Noble,Oklahoma,40103,OK_0
Nowata,Oklahoma,40105,OK_1
Okfuskee,Oklahoma,40107,OK_1
Oklahoma,Oklahoma,40109,OK_0
Okmulgee,Oklahoma,40111,OK_1
Osage,Oklahoma,40113,OK_1
Ottawa,Oklahoma,40115,OK_1
Pawnee,Oklahoma,40117,OK_0
Payne,Oklahoma,40119,OK_0
Pittsburg,Oklahoma,40121,OK_1
Pontotoc,Oklahoma,40123,OK_0
Pottawatomie,Oklahoma,40125,OK_0
Pushmataha,Oklahoma,40127,OK_1
Roger Mills,Oklahoma,40129,OK_0
Rogers,Oklahoma,40131,OK_1
Seminole,Oklahoma,40133,OK_0
Sequoyah,Oklahoma,40135,OK_1
Stephens,Oklahoma,40137,OK_0
Texas,Oklahoma,40139,OK_0
Tillman,Oklahoma,40141,OK_0
Tulsa,Oklahoma,40143,OK_1
Wagoner,Oklahoma,40145,OK_1
Washington,Oklahoma,40147,OK_1
Washita,Oklahoma,40149,OK_0
Woods,Oklahoma,40151,OK_0
Woodward,Oklahoma,40153,OK_0
Baker,Oregon,41001,OR_0
Benton,Oregon,41003,OR_0
Clackamas,Oregon,41005,OR_0
Clatsop,Oregon,41007,OR_0
Columbia,Oregon,41009,OR_0
Coos,Oregon,41011,OR_1
Crook,Oregon,41013,OR_0
Curry,Oregon,41015,OR_1
Deschutes,Oregon,41017,OR_0
Douglas,Oregon,41019,OR_1
Gilliam,Oregon,41021,OR_0
Grant,Oregon,41023,OR_0
Harney,Oregon,41025,OR_1
Hood River,Oregon,41027,OR_0
Jackson,Oregon,41029,OR_1
Jefferson,Oregon,41031,OR_0
Josephine,Oregon,41033,OR_1
Klamath,Oregon,41035,OR_1
Lake,Oregon,41037,OR_1
Lane,Oregon,41039,OR_0
Lincoln,Oregon,41041,OR_0
Linn,Oregon,41043,OR_0
Malheur,Oregon,41045,OR_1
Marion,Oregon,41047,OR_0
Morrow,Oregon,41049,OR_0
Multnomah,Oregon,41051,OR_0
Polk,Oregon,41053,OR_0
Sherman,Oregon,41055,OR_0
Tillamook,Oregon,41057,OR_0
Umatilla,Oregon,41059,OR_0
Union,Oregon,41061,OR_0
Wallowa,Oregon,41063,OR_0
Wasco,Oregon,41065,OR_0
Washington,Oregon,41067,OR_0
Wheeler,Oregon,41069,OR_0
Yamhill,Oregon,41071,OR_0
Adams,Pennsylvania,42001,PA_1
Allegheny,Pennsylvania,42003,PA_0
Armstrong,Pennsylvania,42005,PA_0
Beaver,Pennsylvania,42007,PA_0
Bedford,Pennsylvania,42009,PA_1
Berks,Pennsylvania,42011,PA_1
Blair,Pennsylvania,42013,PA_1
Bradford,Pennsylvania,42015,PA_1
Bucks,Pennsylvania,42017,PA_2
Butler,Pennsylvania,42019,PA_0
Cambria,Pennsylvania,42021,PA_0
Cameron,Pennsylvania,42023,PA_0
Carbon,Pennsylvania,42025,PA_1
Centre,Pennsylvania,42027,PA_1
Chester,Pennsylvania,42029,PA_2
Clarion,Pennsylvania,42031,PA_0
Clearfield,Pennsylvania,42033,PA_0
Clinton,Pennsylvania,42035,PA_1
Columbia,Pennsylvania,42037,PA_1
Crawford,Pennsylvania,42039,PA_0
Cumberland,Pennsylvania,42041,PA_1
Dauphin,Pennsylvania,42043,PA_1
Delaware,Pennsylvania,42045,PA_2
Elk,Pennsylvania,42047,PA_0
Erie,Pennsylvania,42049,PA_0
Fayette,Pennsylvania,42051,PA_0
Forest,Pennsylvania,42053,PA_0
Franklin,Pennsylvania,42055,PA_1
Fulton,Pennsylvania,42057,PA_1
Greene,Pennsylvania,42059,PA_0
Huntingdon,Pennsylvania,42061,PA_1
Indiana,Pennsylvania,42063,PA_0
Jefferson,Pennsylvania,42065,PA_0
Juniata,Pennsylvania,42067,PA_1
Lackawanna,Pennsylvania,42069,PA_1
Lancaster,Pennsylvania,42071,PA_1
Lawrence,Pennsylvania,42073,PA_0
Lebanon,Pennsylvania,42075,PA_1
Lehigh,Pennsylvania,42077,PA_1
Luzerne,Pennsylvania,42079,PA_1
Lycoming,Pennsylvania,42081,PA_1
McKean,Pennsylvania,42083,PA_0
Mercer,Pennsylvania,42085,PA_0
Mifflin,Pennsylvania,42087,PA_1
Monroe,Pennsylvania,42089,PA_1
Montgomery,Pennsylvania,42091,PA_2
Montour,Pennsylvania,42093,PA_1
Northampton,Pennsylvania,42095,PA_1
Northumberland,Pennsylvania,42097,PA_1
Perry,Pennsylvania,42099,PA_1
Philadelphia,Pennsylvania,42101,PA_2
Pike,Pennsylvania,42103,PA_1
Potter,Pennsylvania,42105,PA_1
Schuylkill,Pennsylvania,42107,PA_1
Snyder,Pennsylvania,42109,PA_1
Somerset,Pennsylvania,42111,PA_0
Sullivan,Pennsylvania,42113,PA_1
Susquehanna,Pennsylvania,42115,PA_1
Tioga,Pennsylvania,42117,PA_1
Union,Pennsylvania,42119,PA_1
Venango,Pennsylvania,42121,PA_0
Warren,Pennsylvania,42123,PA_0
Washington,Pennsylvania,42125,PA_0
Wayne,Pennsylvania,42127,PA_1
Westmoreland,Pennsylvania,42129,PA_0
Wyoming,Pennsylvania,42131,PA_1
York,Pennsylvania,42133,PA_1
Bristol,Rhode Island,44001,RI_0
Kent,Rhode Island,44003,RI_0
Newport,Rhode Island,44005,RI_0
Providence,Rhode Island,44007,RI_0
Washington,Rhode Island,44009,RI_0
Abbeville,South Carolina,45001,SC_0
Aiken,South Carolina,45003,SC_0
Allendale,South Carolina,45005,SC_1
Anderson,South Carolina,45007,SC_0
Bamberg,South Carolina,45009,SC_1
Barnwell,South Carolina,45011,SC_1
Beaufort,South Carolina,45013,SC_1
Berkeley,South Carolina,45015,SC_1
Calhoun,South Carolina,45017,SC_1
Charleston,South Carolina,45019,SC_1
Cherokee,South Carolina,45021,SC_0
Chester,South Carolina,45023,SC_0
Chesterfield,South Carolina,45025,SC_0
Clarendon,South Carolina,45027,SC_1
Colleton,South Carolina,45029,SC_1
Darlington,South Carolina,45031,SC_1
Dillon,South Carolina,45033,SC_1
Dorchester,South Carolina,45035,SC_1
Edgefield,South Carolina,45037,SC_0
Fairfield,South Carolina,45039,SC_0
Florence,South Carolina,45041,SC_1
Georgetown,South Carolina,45043,SC_1
Greenville,South Carolina,45045,SC_0
Greenwood,South Carolina,45047,SC_0
Hampton,South Carolina,45049,SC_1
Horry,South Carolina,45051,SC_1
Jasper,South Carolina,45053,SC_1
Kershaw,South Carolina,45055,SC_0
Lancaster,South Carolina,45057,SC_0
Laurens,South Carolina,45059,SC_0
Lee,South Carolina,45061,SC_1
Lexington,South Carolina,45063,SC_0
Marion,South Carolina,45067,SC_1
Marlboro,South Carolina,45069,SC_1
McCormick,South Carolina,45065,SC_0
Newberry,South Carolina,45071,SC_0
Oconee,South Carolina,45073,SC_0
Orangeburg,South Carolina,45075,SC_1
Pickens,South Carolina,45077,SC_0
Richland,South Carolina,45079,SC_0
Saluda,South Carolina,45081,SC_0
Spartanburg,South Carolina,45083,SC_0
Sumter,South Carolina,45085,SC_1
Union,South Carolina,45087,SC_0
Williamsburg,South Carolina,45089,SC_1
York,South Carolina,45091,SC_0
Aurora,South Dakota,46003,SD_0
Beadle,South Dakota,46005,SD_1
Bennett,South Dakota,46007,SD_0
Bon Homme,South Dakota,46009,SD_1
Brookings,South Dakota,46011,SD_1
Brown,South Dakota,46013,SD_1
Brule,South Dakota,46015,SD_0
Buffalo,South Dakota,46017,SD_0
Butte,South Dakota,46019,SD_0
Campbell,South Dakota,46021,SD_0
Charles Mix,South Dakota,46023,SD_0
Clark,South Dakota,46025,SD_1
Clay,South Dakota,46027,SD_1
Codington,South Dakota,46029,SD_1
Corson,South Dakota,46031,SD_0
Custer,South Dakota,46033,SD_0
Davison,South Dakota,46035,SD_1
Day,South Dakota,46037,SD_1
Deuel,South Dakota,46039,SD_1
Dewey,South Dakota,46041,SD_0
Douglas,South Dakota,46043,SD_0
Edmunds,South Dakota,46045,SD_0
Fall River,South Dakota,46047,SD_0
Faulk,South Dakota,46049,SD_0
Grant,South Dakota,46051,SD_1
Gregory,South Dakota,46053,SD_0
Haakon,South Dakota,46055,SD_0
Hamlin,South Dakota,46057,SD_1
Hand,South Dakota,46059,SD_0
Hanson,South Dakota,46061,SD_1
Harding,South Dakota,46063,SD_0
Hughes,South Dakota,46065,SD_0
Hutchinson,South Dakota,46067,SD_1
Hyde,South Dakota,46069,SD_0
Jackson,South Dakota,46071,SD_0
Jerauld,South Dakota,46073,SD_0
Jones,South Dakota,46075,SD_0
Kingsbury,South Dakota,46077,SD_1
Lake,South Dakota,46079,SD_1
Lawrence,South Dakota,46081,SD_0
Lincoln,South Dakota,46083,SD_1
Lyman,South Dakota,46085,SD_0
Marshall,South Dakota,46091,SD_1
McCook,South Dakota,46087,SD_1
McPherson,South Dakota,46089,SD_0
Meade,South Dakota,46093,SD_0
Mellette,South Dakota,46095,SD_0
Miner,South Dakota,46097,SD_1
Minnehaha,South Dakota,46099,SD_1
Moody,South Dakota,46101,SD_1
Oglala Lakota,South Dakota,46102,SD_0
Pennington,South Dakota,46103,SD_0
Perkins,South Dakota,46105,SD_0
Potter,South Dakota,46107,SD_0
Roberts,South Dakota,46109,SD_1
Sanborn,South Dakota,46111,SD_1
Spink,South Dakota,46115,SD_1
Stanley,South Dakota,46117,SD_0
Sully,South Dakota,46119,SD_0
Todd,South Dakota,46121,SD_0
Tripp,South Dakota,46123,SD_0
Turner,South Dakota,46125,SD_1
Union,South Dakota,46127,SD_1
Walworth,South Dakota,46129,SD_0
Yankton,South Dakota,46135,SD_1
Ziebach,South Dakota,46137,SD_0
Anderson,Tennessee,47001,TN_1
Bedford,Tennessee,47003,TN_0
Benton,Tennessee,47005,TN_0
Bledsoe,Tennessee,47007,TN_1
Blount,Tennessee,47009,TN_1
Bradley,Tennessee,47011,TN_1
Campbell,Tennessee,47013,TN_1
Cannon,Tennessee,47015,TN_0
Carroll,Tennessee,47017,TN_0
Carter,Tennessee,47019,TN_1
Cheatham,Tennessee,47021,TN_0
Chester,Tennessee,47023,TN_0
Claiborne,Tennessee,47025,TN_1
Clay,Tennessee,47027,TN_0
Cocke,Tennessee,47029,TN_1
Coffee,Tennessee,47031,TN_0
Crockett,Tennessee,47033,TN_0
Cumberland,Tennessee,47035,TN_1
Davidson,Tennessee,47037,TN_0
Decatur,Tennessee,47039,TN_0
DeKalb,Tennessee,47041,TN_0
Dickson,Tennessee,47043,TN_0
Dyer,Tennessee,47045,TN_0
Fayette,Tennessee,47047,TN_0
Fentress,Tennessee,47049,TN_1
Franklin,Tennessee,47051,TN_1
Gibson,Tennessee,47053,TN_0
Giles,Tennessee,47055,TN_0
Grainger,Tennessee,47057,TN_1
Greene,Tennessee,47059,TN_1
Grundy,Tennessee,47061,TN_1
Hamblen,Tennessee,47063,TN_1
Hamilton,Tennessee,47065,TN_1
Hancock,Tennessee,47067,TN_1
Hardeman,Tennessee,47069,TN_0
Hardin,Tennessee,47071,TN_0
Hawkins,Tennessee,47073,TN_1
Haywood,Tennessee,47075,TN_0
Henderson,Tennessee,47077,TN_0
Henry,Tennessee,47079,TN_0
Hickman,Tennessee,47081,TN_0
Houston,Tennessee,47083,TN_0
Humphreys,Tennessee,47085,TN_0
Jackson,Tennessee,47087,TN_0
Jefferson,Tennessee,47089,TN_1
Johnson,Tennessee,47091,TN_1
Knox,Tennessee,47093,TN_1
Lake,Tennessee,47095,TN_0
Lauderdale,Tennessee,47097,TN_0
Lawrence,Tennessee,47099,TN_0
Lewis,Tennessee,47101,TN_0
Lincoln,Tennessee,47103,TN_0
Loudon,Tennessee,47105,TN_1
Macon,Tennessee,47111,TN_0
Madison,Tennessee,47113,TN_0
Marion,Tennessee,47115,TN_1
Marshall,Tennessee,47117,TN_0
Maury,Tennessee,47119,TN_0
McMinn,Tennessee,47107,TN_1
McNairy,Tennessee,47109,TN_0
Meigs,Tennessee,47121,TN_1
Monroe,Tennessee,47123,TN_1
Montgomery,Tennessee,47125,TN_0
Moore,Tennessee,47127,TN_0
Morgan,Tennessee,47129,TN_1
Obion,Tennessee,47131,TN_0
Overton,Tennessee,47133,TN_0
Perry,Tennessee,47135,TN_0
Pickett,Tennessee,47137,TN_0
Polk,Tennessee,47139,TN_1
Putnam,Tennessee,47141,TN_0
Rhea,Tennessee,47143,TN_1
Roane,Tennessee,47145,TN_1
Robertson,Tennessee,47147,TN_0
Rutherford,Tennessee,47149,TN_0
Scott,Tennessee,47151,TN_1
Sequatchie,Tennessee,47153,TN_1
Sevier,Tennessee,47155,TN_1
Shelby,Tennessee,47157,TN_0
Smith,Tennessee,47159,TN_0
Stewart,Tennessee,47161,TN_0
Sullivan,Tennessee,47163,TN_1
Sumner,Tennessee,47165,TN_0
Tipton,Tennessee,47167,TN_0
Trousdale,Tennessee,47169,TN_0
Unicoi,Tennessee,47171,TN_1
Union,Tennessee,47173,TN_1
Van Buren,Tennessee,47175,TN_1
Warren,Tennessee,47177,TN_0
Washington,Tennessee,47179,TN_1
Wayne,Tennessee,47181,TN_0
Weakley,Tennessee,47183,TN_0
White,Tennessee,47185,TN_0
Williamson,Tennessee,47187,TN_0
Wilson,Tennessee,47189,TN_0
Anderson,Texas,48001,TX_2
Andrews,Texas,48003,TX_1
Angelina,Texas,48005,TX_2
Aransas,Texas,48007,TX_3
Archer,Texas,48009,TX_1
Armstrong,Texas,48011,TX_1
Atascosa,Texas,48013,TX_3
Austin,Texas,48015,TX_8
Bailey,Texas,48017,TX_0
Bandera,Texas,48019,TX_3
Bastrop,Texas,48021,TX_8
Baylor,Texas,48023,TX_1
Bee,Texas,48025,TX_3
Bell,Texas,48027,TX_8
Bexar,Texas,48029,TX_3
Blanco,Texas,48031,TX_8
Borden,Texas,48033,TX_1
Bosque,Texas,48035,TX_2
Bowie,Texas,48037,TX_4
Brazoria,Texas,48039,TX_6
Brazos,Texas,48041,TX_8
Brewster,Texas,48043,TX_1
Briscoe,Texas,48045,TX_1
Brooks,Texas,48047,TX_3
Brown,Texas,48049,TX_8
Burleson,Texas,48051,TX_8
Burnet,Texas,48053,TX_8
Caldwell,Texas,48055,TX_8
Calhoun,Texas,48057,TX_3
Callahan,Texas,48059,TX_1
Cameron,Texas,48061,TX_3
Camp,Texas,48063,TX_4
Carson,Texas,48065,TX_0
Cass,Texas,48067,TX_4
Castro,Texas,48069,TX_0
Chambers,Texas,48071,TX_6
Cherokee,Texas,48073,TX_2
Childress,Texas,48075,TX_1
Clay,Texas,48077,TX_1
Cochran,Texas,48079,TX_0
Coke,Texas,48081,TX_1
Coleman,Texas,48083,TX_1
Collin,Texas,48085,TX_2
Collingsworth,Texas,48087,TX_1
Colorado,Texas,48089,TX_8
Comal,Texas,48091,TX_3
Comanche,Texas,48093,TX_8
Concho,Texas,48095,TX_1
Cooke,Texas,48097,TX_2
Coryell,Texas,48099,TX_8
Cottle,Texas,48101,TX_1
Crane,Texas,48103,TX_1
Crockett,Texas,48105,TX_1
Crosby,Texas,48107,TX_1
Culberson,Texas,48109,TX_1
Dallam,Texas,48111,TX_0
Dallas,Texas,48113,TX_2
Dawson,Texas,48115,TX_1
Deaf Smith,Texas,48117,TX_0
Delta,Texas,48119,TX_2
Denton,Texas,48121,TX_2
DeWitt,Texas,48123,TX_3
Dickens,Texas,48125,TX_1
Dimmit,Texas,48127,TX_3
Donley,Texas,48129,TX_1
Duval,Texas,48131,TX_3
Eastland,Texas,48133,TX_2
Ector,Texas,48135,TX_1
Edwards,Texas,48137,TX_3
El Paso,Texas,48141,TX_5
Ellis,Texas,48139,TX_2
Erath,Texas,48143,TX_2
Falls,Texas,48145,TX_8
Fannin,Texas,48147,TX_2
Fayette,Texas,48149,TX_8
Fisher,Texas,48151,TX_1
Floyd,Texas,48153,TX_1
Foard,Texas,48155,TX_1
Fort Bend,Texas,48157,TX_6
Franklin,Texas,48159,TX_2
Freestone,Texas,48161,TX_8
Frio,Texas,48163,TX_3
Gaines,Texas,48165,TX_0
Galveston,Texas,48167,TX_6
Garza,Texas,48169,TX_1
Gillespie,Texas,48171,TX_8
Glasscock,Texas,48173,TX_1
Goliad,Texas,48175,TX_3
Gonzales,Texas,48177,TX_3
Gray,Texas,48179,TX_0
Grayson,Texas,48181,TX_2
Gregg,Texas,48183,TX_4
Grimes,Texas,48185,TX_8
Guadalupe,Texas,48187,TX_3
Hale,Texas,48189,TX_0
Hall,Texas,48191,TX_1
Hamilton,Texas,48193,TX_8
Hansford,Texas,48195,TX_0
Hardeman,Texas,48197,TX_1
Hardin,Texas,48199,TX_7
Harris,Texas,48201,TX_6
Harrison,Texas,48203,TX_4
Hartley,Texas,48205,TX_0
Haskell,Texas,48207,TX_1
Hays,Texas,48209,TX_8
Hemphill,Texas,48211,TX_0
Henderson,Texas,48213,TX_2
Hidalgo,Texas,48215,TX_3
Hill,Texas,48217,TX_2
Hockley,Texas,48219,TX_0
Hood,Texas,48221,TX_2
Hopkins,Texas,48223,TX_2
Houston,Texas,48225,TX_8
Howard,Texas,48227,TX_1
Hudspeth,Texas,48229,TX_5
Hunt,Texas,48231,TX_2
Hutchinson,Texas,48233,TX_0
Irion,Texas,48235,TX_1
Jack,Texas,48237,TX_2
Jackson,Texas,48239,TX_3
Jasper,Texas,48241,TX_7
Jeff Davis,Texas,48243,TX_1
Jefferson,Texas,48245,TX_7
Jim Hogg,Texas,48247,TX_3
Jim Wells,Texas,48249,TX_3
Johnson,Texas,48251,TX_2
Jones,Texas,48253,TX_1
Karnes,Texas,48255,TX_3
Kaufman,Texas,48257,TX_2
Kendall,Texas,48259,TX_3
Kenedy,Texas,48261,TX_3
Kent,Texas,48263,TX_1
Kerr,Texas,48265,TX_3
Kimble,Texas,48267,TX_3
King,Texas,48269,TX_1
Kinney,Texas,48271,TX_3
Kleberg,Texas,48273,TX_3
Knox,Texas,48275,TX_1
La Salle,Texas,48283,TX_3
Lamar,Texas,48277,TX_2
Lamb,Texas,48279,TX_0
Lampasas,Texas,48281,TX_8
Lavaca,Texas,48285,TX_3
Lee,Texas,48287,TX_8
Leon,Texas,48289,TX_8
Liberty,Texas,48291,TX_7
Limestone,Texas,48293,TX_8
Lipscomb,Texas,48295,TX_0
Live Oak,Texas,48297,TX_3
Llano,Texas,48299,TX_8
Loving,Texas,48301,TX_1
Lubbock,Texas,48303,TX_0
Lynn,Texas,48305,TX_0
Madison,Texas,48313,TX_8
Marion,Texas,48315,TX_4
Martin,Texas,48317,TX_1
Mason,Texas,48319,TX_8
Matagorda,Texas,48321,TX_6
Maverick,Texas,48323,TX_3
McCulloch,Texas,48307,TX_8
McLennan,Texas,48309,TX_8
McMullen,Texas,48311,TX_3
Medina,Texas,48325,TX_3
Menard,Texas,48327,TX_1
Midland,Texas,48329,TX_1
Milam,Texas,48331,TX_8
Mills,Texas,48333,TX_8
Mitchell,Texas,48335,TX_1
Montague,Texas,48337,TX_2
Montgomery,Texas,48339,TX_6
Moore,Texas,48341,TX_0
Morris,Texas,48343,TX_4
Motley,Texas,48345,TX_1
Nacogdoches,Texas,48347,TX_2
Navarro,Texas,48349,TX_2
Newton,Texas,48351,TX_7
Nolan,Texas,48353,TX_1
Nueces,Texas,48355,TX_3
Ochiltree,Texas,48357,TX_0
Oldham,Texas,48359,TX_0
Orange,Texas,48361,TX_7
Palo Pinto,Texas,48363,TX_2
Panola,Texas,48365,TX_4
Parker,Texas,48367,TX_2
Parmer,Texas,48369,TX_0
Pecos,Texas,48371,TX_1
Polk,Texas,48373,TX_7
Potter,Texas,48375,TX_0
Presidio,Texas,48377,TX_1
Rains,Texas,48379,TX_2
Randall,Texas,48381,TX_0
Reagan,Texas,48383,TX_1
Real,Texas,48385,TX_3
Red River,Texas,48387,TX_2
Reeves,Texas,48389,TX_1
Refugio,Texas,48391,TX_3
Roberts,Texas,48393,TX_0
Robertson,Texas,48395,TX_8
Rockwall,Texas,48397,TX_2
Runnels,Texas,48399,TX_1
Rusk,Texas,48401,TX_2
Sabine,Texas,48403,TX_7
San Augustine,Texas,48405,TX_7
San Jacinto,Texas,48407,TX_7
San Patricio,Texas,48409,TX_3
San Saba,Texas,48411,TX_8
Schleicher,Texas,48413,TX_1
Scurry,Texas,48415,TX_1
Shackelford,Texas,48417,TX_1
Shelby,Texas,48419,TX_7
Sherman,Texas,48421,TX_0
Smith,Texas,48423,TX_2
Somervell,Texas,48425,TX_2
Starr,Texas,48427,TX_3
Stephens,Texas,48429,TX_2
Sterling,Texas,48431,TX_1
Stonewall,Texas,48433,TX_1
Sutton,Texas,48435,TX_1
Swisher,Texas,48437,TX_0
Tarrant,Texas,48439,TX_2
Taylor,Texas,48441,TX_1
Terrell,Texas,48443,TX_1
Terry,Texas,48445,TX_0
Throckmorton,Texas,48447,TX_1
Titus,Texas,48449,TX_2
Tom Green,Texas,48451,TX_1
Travis,Texas,48453,TX_8
Trinity,Texas,48455,TX_8
Tyler,Texas,48457,TX_7
Upshur,Texas,48459,TX_4
Upton,Texas,48461,TX_1
Uvalde,Texas,48463,TX_3
Val Verde,Texas,48465,TX_1
Van Zandt,Texas,48467,TX_2
Victoria,Texas,48469,TX_3
Walker,Texas,48471,TX_7
Waller,Texas,48473,TX_6
Ward,Texas,48475,TX_1
Washington,Texas,48477,TX_8
Webb,Texas,48479,TX_3
Wharton,Texas,48481,TX_6
Wheeler,Texas,48483,TX_0
Wichita,Texas,48485,TX_1
Wilbarger,Texas,48487,TX_1
Willacy,Texas,48489,TX_3
Williamson,Texas,48491,TX_8
Wilson,Texas,48493,TX_3
Winkler,Texas,48495,TX_1
Wise,Texas,48497,TX_2
Wood,Texas,48499,TX_2
Yoakum,Texas,48501,TX_0
Young,Texas,48503,TX_2
Zapata,Texas,48505,TX_3
Zavala,Texas,48507,TX_3
Beaver,Utah,49001,UT_0
Box Elder,Utah,49003,UT_1
Cache,Utah,49005,UT_1
Carbon,Utah,49007,UT_1
Daggett,Utah,49009,UT_1
Davis,Utah,49011,UT_1
Duchesne,Utah,49013,UT_1
Emery,Utah,49015,UT_0
Garfield,Utah,49017,UT_0
Grand,Utah,49019,UT_0
Iron,Utah,49021,UT_0
Juab,Utah,49023,UT_1
Kane,Utah,49025,UT_0
Millard,Utah,49027,UT_0
Morgan,Utah,49029,UT_1
Piute,Utah,49031,UT_0
Rich,Utah,49033,UT_1
Salt Lake,Utah,49035,UT_1
San Juan,Utah,49037,UT_0
Sanpete,Utah,49039,UT_0
Sevier,Utah,49041,UT_0
Summit,Utah,49043,UT_1
Tooele,Utah,49045,UT_1
Uintah,Utah,49047,UT_1
Utah,Utah,49049,UT_1
Wasatch,Utah,49051,UT_1
Washington,Utah,49053,UT_0
Wayne,Utah,49055,UT_0
Weber,Utah,49057,UT_1
Addison,Vermont,50001,VT_0
Bennington,Vermont,50003,VT_0
Caledonia,Vermont,50005,VT_0
Chittenden,Vermont,50007,VT_0
Essex,Vermont,50009,VT_0
Franklin,Vermont,50011,VT_0
Grand Isle,Vermont,50013,VT_0
Lamoille,Vermont,50015,VT_0
Orange,Vermont,50017,VT_0
Orleans,Vermont,50019,VT_0
Rutland,Vermont,50021,VT_0
Washington,Vermont,50023,VT_0
Windham,Vermont,50025,VT_0
Windsor,Vermont,50027,VT_0
Accomack,Virginia,51001,VA_0
Albemarle,Virginia,51003,VA_0
Alexandria,Virginia,51510,VA_2
Alleghany,Virginia,51005,VA_1
Amelia,Virginia,51007,VA_0
Amherst,Virginia,51009,VA_1
Appomattox,Virginia,51011,VA_0
Arlington,Virginia,51013,VA_2
Augusta,Virginia,51015,VA_1
Bath,Virginia,51017,VA_1
Bedford,Virginia,51019,VA_1
Bedford City,Virginia,51515,VA_1
Bland,Virginia,51021,VA_1
Botetourt,Virginia,51023,VA_1
Bristol,Virginia,51520,VA_1
Brunswick,Virginia,51025,VA_0
Buchanan,Virginia,51027,VA_1
Buckingham,Virginia,51029,VA_0
Buena Vista,Virginia,51530,VA_0
Campbell,Virginia,51031,VA_0
Caroline,Virginia,51033,VA_0
Carroll,Virginia,51035,VA_1
Charles City,Virginia,51036,VA_0
Charlotte,Virginia,51037,VA_0
Charlottesville,Virginia,51540,VA_0
Chesapeake,Virginia,51550,VA_0
Chesterfield,Virginia,51041,VA_0
Clarke,Virginia,51043,VA_0
Colonial Heights,Virginia,51570,VA_0
Covington,Virginia,51580,VA_0
Craig,Virginia,51045,VA_1
Culpeper,Virginia,51047,VA_0
Cumberland,Virginia,51049,VA_0
Danville,Virginia,51590,VA_0
Dickenson,Virginia,51051,VA_1
Dinwiddie,Virginia,51053,VA_0
Emporia,Virginia,51595,VA_0
Essex,Virginia,51057,VA_0
Fairfax,Virginia,51059,VA_2
Fairfax City,Virginia,51600,VA_0
Falls Church,Virginia,51610,VA_0
Fauquier,Virginia,51061,VA_2
Floyd,Virginia,51063,VA_1
Fluvanna,Virginia,51065,VA_0
Franklin,Virginia,51067,VA_1
Franklin City,Virginia,51620,VA_0
Frederick,Virginia,51069,VA_0
Fredericksburg,Virginia,51630,VA_0
Galax,Virginia,51640,VA_1
Giles,Virginia,51071,VA_1
Gloucester,Virginia,51073,VA_0
Goochland,Virginia,51075,VA_0
Grayson,Virginia,51077,VA_1
Greene,Virginia,51079,VA_0
Greensville,Virginia,51081,VA_0
Halifax,Virginia,51083,VA_0
Hampton,Virginia,51650,VA_0
Hanover,Virginia,51085,VA_0
Harrisonburg,Virginia,51660,VA_0
Henrico,Virginia,51087,VA_0
Henry,Virginia,51089,VA_1
Highland,Virginia,51091,VA_1
Hopewell,Virginia,51670,VA_0
Isle of Wight,Virginia,51093,VA_0
James City,Virginia,51095,VA_0
King and Queen,Virginia,51097,VA_0
King George,Virginia,51099,VA_0
King William,Virginia,51101,VA_0
Lancaster,Virginia,51103,VA_0
Lee,Virginia,51105,VA_1
Lexington,Virginia,51678,VA_0
Loudoun,Virginia,51107,VA_2
Louisa,Virginia,51109,VA_0
Lunenburg,Virginia,51111,VA_0
Lynchburg,Virginia,51680,VA_1
Madison,Virginia,51113,VA_0
Manassas,Virginia,51683,VA_0
Manassas Park,Virginia,51685,VA_0
Martinsville,Virginia,51690,VA_1
Mathews,Virginia,51115,VA_0
Mecklenburg,Virginia,51117,VA_0
Middlesex,Virginia,51119,VA_0
Montgomery,Virginia,51121,VA_1
Nelson,Virginia,51125,VA_1
New Kent,Virginia,51127,VA_0
Newport News,Virginia,51700,VA_0
Norfolk,Virginia,51710,VA_0
Northampton,Virginia,51131,VA_0
Northumberland,Virginia,51133,VA_0
Norton,Virginia,51720,VA_1
Nottoway,Virginia,51135,VA_0
Orange,Virginia,51137,VA_0
Page,Virginia,51139,VA_0
Patrick,Virginia,51141,VA_1
Petersburg,Virginia,51730,VA_0
Pittsylvania,Virginia,51143,VA_1
Poquoson,Virginia,51735,VA_0
Portsmouth,Virginia,51740,VA_0
Powhatan,Virginia,51145,VA_0
Prince Edward,Virginia,51147,VA_0
Prince George,Virginia,51149,VA_0
Prince William,Virginia,51153,VA_2
Pulaski,Virginia,51155,VA_1
Radford,Virginia,51750,VA_1
Rappahannock,Virginia,51157,VA_0
Richmond,Virginia,51159,VA_0
Richmond City,Virginia,51760,VA_0
Roanoke,Virginia,51161,VA_1
Roanoke City,Virginia,51770,VA_1
Rockbridge,Virginia,51163,VA_1
Rockingham,Virginia,51165,VA_0
Russell,Virginia,51167,VA_1
Salem,Virginia,51775,VA_1
Scott,Virginia,51169,VA_1
Shenandoah,Virginia,51171,VA_0
Smyth,Virginia,51173,VA_1
Southampton,Virginia,51175,VA_0
Spotsylvania,Virginia,51177,VA_0
Stafford,Virginia,51179,VA_2
Staunton,Virginia,51790,VA_0
Suffolk,Virginia,51800,VA_0
Surry,Virginia,51181,VA_0
Sussex,Virginia,51183,VA_0
Tazewell,Virginia,51185,VA_1
Virginia Beach,Virginia,51810,VA_0
Warren,Virginia,51187,VA_0
Washington,Virginia,51191,VA_1
Waynesboro,Virginia,51820,VA_0
Westmoreland,Virginia,51193,VA_0
Williamsburg,Virginia,51830,VA_0
Winchester,Virginia,51840,VA_0
Wise,Virginia,51195,VA_1
Wythe,Virginia,51197,VA_1
York,Virginia,51199,VA_0
Adams,Washington,53001,WA_1
Asotin,Washington,53003,WA_1
Benton,Washington,53005,WA_1
Chelan,Washington,53007,WA_1
Clallam,Washington,53009,WA_0
Clark,Washington,53011,WA_0
Columbia,Washington,53013,WA_1
Cowlitz,Washington,53015,WA_0
Douglas,Washington,53017,WA_1
Ferry,Washington,53019,WA_1
Franklin,Washington,53021,WA_1
Garfield,Washington,53023,WA_1
Grant,Washington,53025,WA_1
Grays Harbor,Washington,53027,WA_0
Island,Washington,53029,WA_0
Jefferson,Washington,53031,WA_0
King,Washington,53033,WA_0
Kitsap,Washington,53035,WA_0
Kittitas,Washington,53037,WA_1
Klickitat,Washington,53039,WA_1
Lewis,Washington,53041,WA_0
Lincoln,Washington,53043,WA_1
Mason,Washington,53045,WA_0
Okanogan,Washington,53047,WA_1
Pacific,Washington,53049,WA_0
Pend Oreille,Washington,53051,WA_1
Pierce,Washington,53053,WA_0
San Juan,Washington,53055,WA_0
Skagit,Washington,53057,WA_0
Skamania,Washington,53059,WA_0
Snohomish,Washington,53061,WA_0
Spokane,Washington,53063,WA_1
Stevens,Washington,53065,WA_1
Thurston,Washington,53067,WA_0
Wahkiakum,Washington,53069,WA_0
Walla Walla,Washington,53071,WA_1
Whatcom,Washington,53073,WA_0
Whitman,Washington,53075,WA_1
Yakima,Washington,53077,WA_1
Barbour,West Virginia,54001,WV_0
Berkeley,West Virginia,54003,WV_0
Boone,West Virginia,54005,WV_0
Braxton,West Virginia,54007,WV_0
Brooke,West Virginia,54009,WV_0
Cabell,West Virginia,54011,WV_0
Calhoun,West Virginia,54013,WV_0
Clay,West Virginia,54015,WV_0
Doddridge,West Virginia,54017,WV_0
Fayette,West Virginia,54019,WV_0
Gilmer,West Virginia,54021,WV_0
Grant,West Virginia,54023,WV_0
Greenbrier,West Virginia,54025,WV_0
Hampshire,West Virginia,54027,WV_0
Hancock,West Virginia,54029,WV_0
Hardy,West Virginia,54031,WV_0
Harrison,West Virginia,54033,WV_0
Jackson,West Virginia,54035,WV_0
Jefferson,West Virginia,54037,WV_0
Kanawha,West Virginia,54039,WV_0
Lewis,West Virginia,54041,WV_0
Lincoln,West Virginia,54043,WV_0
Logan,West Virginia,54045,WV_0
Marion,West Virginia,54049,WV_0
Marshall,West Virginia,54051,WV_0
Mason,West Virginia,54053,WV_0
McDowell,West Virginia,54047,WV_0
Mercer,West Virginia,54055,WV_0
Mineral,West Virginia,54057,WV_0
Mingo,West Virginia,54059,WV_0
Monongalia,West Virginia,54061,WV_0
Monroe,West Virginia,54063,WV_0
Morgan,West Virginia,54065,WV_0
Nicholas,West Virginia,54067,WV_0
Ohio,West Virginia,54069,WV_0
Pendleton,West Virginia,54071,WV_0
Pleasants,West Virginia,54073,WV_0
Pocahontas,West Virginia,54075,WV_0
Preston,West Virginia,54077,WV_0
Putnam,West Virginia,54079,WV_0
Raleigh,West Virginia,54081,WV_0
Randolph,West Virginia,54083,WV_0
Ritchie,West Virginia,54085,WV_0
Roane,West Virginia,54087,WV_0
Summers,West Virginia,54089,WV_0
Taylor,West Virginia,54091,WV_0
Tucker,West Virginia,54093,WV_0
Tyler,West Virginia,54095,WV_0
Upshur,West Virginia,54097,WV_0
Wayne,West Virginia,54099,WV_0
Webster,West Virginia,54101,WV_0
Wetzel,West Virginia,54103,WV_0
Wirt,West Virginia,54105,WV_0
Wood,West Virginia,54107,WV_0
Wyoming,West Virginia,54109,WV_0
Adams,Wisconsin,55001,WI_1
Ashland,Wisconsin,55003,WI_0
Barron,Wisconsin,55005,WI_0
Bayfield,Wisconsin,55007,WI_0
Brown,Wisconsin,55009,WI_0
Buffalo,Wisconsin,55011,WI_0
Burnett,Wisconsin,55013,WI_0
Calumet,Wisconsin,55015,WI_1
Chippewa,Wisconsin,55017,WI_0
Clark,Wisconsin,55019,WI_0
Columbia,Wisconsin,55021,WI_1
Crawford,Wisconsin,55023,WI_1
Dane,Wisconsin,55025,WI_1
Dodge,Wisconsin,55027,WI_1
Door,Wisconsin,55029,WI_0
Douglas,Wisconsin,55031,WI_0
Dunn,Wisconsin,55033,WI_0
Eau Claire,Wisconsin,55035,WI_0
Florence,Wisconsin,55037,WI_0
Fond du Lac,Wisconsin,55039,WI_1
Forest,Wisconsin,55041,WI_0
Grant,Wisconsin,55043,WI_1
Green,Wisconsin,55045,WI_1
Green Lake,Wisconsin,55047,WI_1
Iowa,Wisconsin,55049,WI_1
Iron,Wisconsin,55051,WI_0
Jackson,Wisconsin,55053,WI_0
Jefferson,Wisconsin,55055,WI_1
Juneau,Wisconsin,55057,WI_1
Kenosha,Wisconsin,55059,WI_1
Kewaunee,Wisconsin,55061,WI_0
La Crosse,Wisconsin,55063,WI_1
Lafayette,Wisconsin,55065,WI_1
Langlade,Wisconsin,55067,WI_0
Lincoln,Wisconsin,55069,WI_0
Manitowoc,Wisconsin,55071,WI_1
Marathon,Wisconsin,55073,WI_0
Marinette,Wisconsin,55075,WI_0
Marquette,Wisconsin,55077,WI_1
Menominee,Wisconsin,55078,WI_0
Milwaukee,Wisconsin,55079,WI_1
Monroe,Wisconsin,55081,WI_1
Oconto,Wisconsin,55083,WI_0
Oneida,Wisconsin,55085,WI_0
Outagamie,Wisconsin,55087,WI_0
Ozaukee,Wisconsin,55089,WI_1
Pepin,Wisconsin,55091,WI_0
Pierce,Wisconsin,55093,WI_0
Polk,Wisconsin,55095,WI_0
Portage,Wisconsin,55097,WI_0
Price,Wisconsin,55099,WI_0
Racine,Wisconsin,55101,WI_1
Richland,Wisconsin,55103,WI_1
Rock,Wisconsin,55105,WI_1
Rusk,Wisconsin,55107,WI_0
Sauk,Wisconsin,55111,WI_1
Sawyer,Wisconsin,55113,WI_0
Shawano,Wisconsin,55115,WI_0
Sheboygan,Wisconsin,55117,WI_1
St. Croix,Wisconsin,55109,WI_0
Taylor,Wisconsin,55119,WI_0
Trempealeau,Wisconsin,55121,WI_0
Vernon,Wisconsin,55123,WI_1
Vilas,Wisconsin,55125,WI_0
Walworth,Wisconsin,55127,WI_1
Washburn,Wisconsin,55129,WI_0
Washington,Wisconsin,55131,WI_1
Waukesha,Wisconsin,55133,WI_1
Waupaca,Wisconsin,55135,WI_0
Waushara,Wisconsin,55137,WI_1
Winnebago,Wisconsin,55139,WI_1
Wood,Wisconsin,55141,WI_0
Albany,Wyoming,56001,WY_1
Big Horn,Wyoming,56003,WY_0
Campbell,Wyoming,56005,WY_1
Carbon,Wyoming,56007,WY_1
Converse,Wyoming,56009,WY_1
Crook,Wyoming,56011,WY_1
Fremont,Wyoming,56013,WY_0
Goshen,Wyoming,56015,WY_1
Hot Springs,Wyoming,56017,WY_0
Johnson,Wyoming,56019,WY_1
Laramie,Wyoming,56021,WY_1
Lincoln,Wyoming,56023,WY_0
Natrona,Wyoming,56025,WY_1
Niobrara,Wyoming,56027,WY_1
Park,Wyoming,56029,WY_0
Platte,Wyoming,56031,WY_1
Sheridan,Wyoming,56033,WY_1
Sublette,Wyoming,56035,WY_0
Sweetwater,Wyoming,56037,WY_0
Teton,Wyoming,56039,WY_0
Uinta,Wyoming,56041,WY_0
Washakie,Wyoming,56043,WY_0
Weston,Wyoming,56045,WY_1
